Symbol,Company Name,Cap Category,Sector,ISIN,Date of Listing,Index Source
20MICRONS,20 Microns Limited,Micro Cap,Others / Diversified,INE144J01027,06-OCT-2008,EQUITY_L (beyond Nifty 500)
21STCENMGM,21st Century Management Services Limited,Micro Cap,Others / Diversified,INE253B01015,03-MAY-1995,EQUITY_L (beyond Nifty 500)
3BBLACKBIO,3B Blackbio Dx Limited,Micro Cap,Others / Diversified,INE994E01018,20-APR-2026,EQUITY_L (beyond Nifty 500)
3IINFOLTD,3i Infotech Limited,Micro Cap,Information Technology,INE748C01038,22-OCT-2021,EQUITY_L (beyond Nifty 500)
3PLAND,3P Land Holdings Limited,Micro Cap,Others / Diversified,INE105C01023,19-JUL-1995,EQUITY_L (beyond Nifty 500)
5PAISA,5Paisa Capital Limited,Micro Cap,Financial Services,INE618L01018,16-NOV-2017,EQUITY_L (beyond Nifty 500)
63MOONS,63 moons technologies limited,Micro Cap,Information Technology,INE111B01023,20-JUN-2005,EQUITY_L (beyond Nifty 500)
A2ZINFRA,A2Z Infra Engineering Limited,Micro Cap,Capital Goods & Engineering,INE619I01012,23-DEC-2010,EQUITY_L (beyond Nifty 500)
AAATECH,AAA Technologies Limited,Micro Cap,Information Technology,INE0D0U01013,28-NOV-2022,EQUITY_L (beyond Nifty 500)
AAKASH,Aakash Exploration Services Limited,Micro Cap,Others / Diversified,INE087Z01024,29-SEP-2020,EQUITY_L (beyond Nifty 500)
AAREYDRUGS,Aarey Drugs & Pharmaceuticals Limited,Micro Cap,Healthcare & Pharma,INE198H01019,06-AUG-2021,EQUITY_L (beyond Nifty 500)
AARNAV,Aarnav Fashions Limited,Micro Cap,Textiles & Apparel,INE750R01016,25-FEB-2026,EQUITY_L (beyond Nifty 500)
AARON,Aaron Industries Limited,Micro Cap,Others / Diversified,INE721Z01010,06-NOV-2020,EQUITY_L (beyond Nifty 500)
AARTECH,Aartech Solonics Limited,Micro Cap,Information Technology,INE01C001026,10-JUL-2023,EQUITY_L (beyond Nifty 500)
AARTIDRUGS,Aarti Drugs Limited,Micro Cap,Healthcare,INE767A01016,19-SEP-2003,Nifty Microcap 250
AARTIPHARM,Aarti Pharmalabs Limited,Micro Cap,Healthcare,INE0LRU01027,30-JAN-2023,Nifty Microcap 250
AARTISURF,Aarti Surfactants Limited,Micro Cap,Others / Diversified,INE09EO01013,14-JUL-2020,EQUITY_L (beyond Nifty 500)
AARVI,Aarvi Encon Limited,Micro Cap,Others / Diversified,INE754X01016,24-JUN-2020,EQUITY_L (beyond Nifty 500)
ABANSENT,Abans Enterprises Limited,Micro Cap,Information Technology,INE365O01028,20-APR-2026,EQUITY_L (beyond Nifty 500)
ABCOTS,A B Cotspin India Limited,Micro Cap,Others / Diversified,INE08PH01015,24-SEP-2025,EQUITY_L (beyond Nifty 500)
ABINFRA,A B Infrabuild Limited,Micro Cap,Construction & Infrastructure,INE00YB01025,08-NOV-2024,EQUITY_L (beyond Nifty 500)
ABMINTLLTD,ABM International Limited,Micro Cap,Others / Diversified,INE251C01025,09-SEP-2021,EQUITY_L (beyond Nifty 500)
ABMKNO,ABM Knowledgeware Limited,Micro Cap,Electronics & Components,INE850B01026,20-APR-2026,EQUITY_L (beyond Nifty 500)
ACCELYA,Accelya Solutions India Limited,Micro Cap,Others / Diversified,INE793A01012,01-DEC-1999,EQUITY_L (beyond Nifty 500)
ACCURACY,Accuracy Shipping Limited,Micro Cap,Logistics & Transportation,INE648Z01023,11-DEC-2020,EQUITY_L (beyond Nifty 500)
ACEINTEG,Ace Integrated Solutions Limited,Micro Cap,Others / Diversified,INE543V01017,04-NOV-2022,EQUITY_L (beyond Nifty 500)
ACI,Archean Chemical Industries Limited,Micro Cap,Chemicals,INE128X01021,21-NOV-2022,Nifty Microcap 250
ACL,Andhra Cements Limited,Micro Cap,Others / Diversified,INE666E01020,10-MAY-2023,EQUITY_L (beyond Nifty 500)
ACSTECH,ACS Technologies Limited,Micro Cap,Information Technology,INE366C01021,20-APR-2026,EQUITY_L (beyond Nifty 500)
ADFFOODS,ADF Foods Limited,Micro Cap,FMCG & Consumer Goods,INE982B01027,15-SEP-2010,EQUITY_L (beyond Nifty 500)
ADL,Archidply Decor Limited,Micro Cap,Others / Diversified,INE0CHO01012,01-OCT-2020,EQUITY_L (beyond Nifty 500)
ADOR,Ador Welding Limited,Micro Cap,Capital Goods & Engineering,INE045A01017,10-MAY-1995,EQUITY_L (beyond Nifty 500)
ADROITINFO,Adroit Infotech Limited,Micro Cap,Information Technology,INE737B01033,13-AUG-1997,EQUITY_L (beyond Nifty 500)
ADSL,Allied Digital Services Limited,Micro Cap,Information Technology,INE102I01027,25-JUL-2007,EQUITY_L (beyond Nifty 500)
ADVAIT,Advait Energy Transitions Limited,Micro Cap,Others / Diversified,INE0ALI01010,20-JAN-2026,EQUITY_L (beyond Nifty 500)
ADVANCE,Advance Agrolife Limited,Micro Cap,Agriculture,INE1B0W01010,08-OCT-2025,EQUITY_L (beyond Nifty 500)
ADVANIHOTR,Advani Hotels & Resorts (India) Limited,Micro Cap,Retail & Consumer Services,INE199C01026,25-JUN-2007,EQUITY_L (beyond Nifty 500)
ADVENTHTL,Advent Hotels International Limited,Micro Cap,Retail & Consumer Services,INE28GN01010,13-NOV-2025,EQUITY_L (beyond Nifty 500)
ADVENZYMES,Advanced Enzyme Technologies Limited,Micro Cap,Healthcare,INE837H01020,01-AUG-2016,Nifty Microcap 250
AEPL,Artemis Electricals and Projects Limited,Micro Cap,Capital Goods & Engineering,INE757T01025,12-MAR-2026,EQUITY_L (beyond Nifty 500)
AEQUS,Aequs Limited,Micro Cap,Capital Goods,INE947N01017,10-DEC-2025,Nifty Microcap 250
AEROENTER,Aeroflex Enterprises Limited,Micro Cap,Information Technology,INE065D01027,21-NOV-2022,EQUITY_L (beyond Nifty 500)
AEROFLEX,Aeroflex Industries Limited,Micro Cap,Others / Diversified,INE024001021,31-AUG-2023,EQUITY_L (beyond Nifty 500)
AERONEU,Aeroflex Neu Limited,Micro Cap,Others / Diversified,INE035801013,12-JAN-2023,EQUITY_L (beyond Nifty 500)
AETHER,Aether Industries Limited,Micro Cap,Chemicals,INE0BWX01014,03-JUN-2022,Nifty Microcap 250
AFFORDABLE,Affordable Robotic & Automation Limited,Micro Cap,Automobile & Auto Components,INE692Z01013,23-OCT-2024,EQUITY_L (beyond Nifty 500)
AFIL,Akme Fintrade (India) Limited,Micro Cap,Others / Diversified,INE916Y01027,26-JUN-2024,EQUITY_L (beyond Nifty 500)
AFSL,Abans Financial Services Limited,Micro Cap,Financial Services,INE00ZE01026,23-DEC-2022,EQUITY_L (beyond Nifty 500)
AGARIND,Agarwal Industrial Corporation Limited,Micro Cap,Others / Diversified,INE204E01012,26-MAY-2014,EQUITY_L (beyond Nifty 500)
AGARWALEYE,Dr. Agarwal's Health Care Limited,Micro Cap,Healthcare,INE943P01029,04-FEB-2025,Nifty Microcap 250
AGI,AGI Greenpac Limited,Micro Cap,Others / Diversified,INE415A01038,31-MAY-2000,EQUITY_L (beyond Nifty 500)
AGIIL,Agi Infra Limited,Micro Cap,Construction & Infrastructure,INE976R01033,15-JUL-2024,EQUITY_L (beyond Nifty 500)
AGRITECH,Agri-Tech (India) Limited,Micro Cap,Information Technology,INE449G01018,28-JAN-2014,EQUITY_L (beyond Nifty 500)
AGROPHOS,Agro Phos India Limited,Micro Cap,Agriculture,INE740V01019,08-MAR-2019,EQUITY_L (beyond Nifty 500)
AHCL,Anlon Healthcare Limited,Micro Cap,Healthcare & Pharma,INE0Y8W01025,03-SEP-2025,EQUITY_L (beyond Nifty 500)
AHLADA,Ahlada Engineers Limited,Micro Cap,Capital Goods & Engineering,INE00PV01013,28-JAN-2021,EQUITY_L (beyond Nifty 500)
AHLEAST,Asian Hotels (East) Limited,Micro Cap,Retail & Consumer Services,INE926K01017,11-AUG-2010,EQUITY_L (beyond Nifty 500)
AHLUCONT,Ahluwalia Contracts (India) Limited,Micro Cap,Construction,INE758C01029,14-DEC-2009,Nifty Microcap 250
AHLWEST,Asian Hotels (West) Limited,Micro Cap,Retail & Consumer Services,INE915K01010,05-AUG-2010,EQUITY_L (beyond Nifty 500)
AIRAN,Airan Limited,Micro Cap,Others / Diversified,INE645W01026,03-MAY-2019,EQUITY_L (beyond Nifty 500)
AIROLAM,Airo Lam limited,Micro Cap,Others / Diversified,INE801L01010,13-OCT-2021,EQUITY_L (beyond Nifty 500)
AJAXENGG,Ajax Engineering Limited,Micro Cap,Capital Goods & Engineering,INE274Y01021,17-FEB-2025,EQUITY_L (beyond Nifty 500)
AJMERA,Ajmera Realty & Infra India Limited,Micro Cap,Construction & Infrastructure,INE298G01035,16-JUN-2009,EQUITY_L (beyond Nifty 500)
AJOONI,Ajooni Biotech Limited,Micro Cap,Information Technology,INE820Y01021,07-MAY-2021,EQUITY_L (beyond Nifty 500)
AKASH,Akash Infra-Projects Limited,Micro Cap,Construction & Infrastructure,INE737W01013,11-OCT-2019,EQUITY_L (beyond Nifty 500)
AKCAPIT,AK Capital Services Limited,Micro Cap,Financial Services,INE701G01012,20-APR-2026,EQUITY_L (beyond Nifty 500)
AKG,Akg Exim Limited,Micro Cap,Others / Diversified,INE00Y801016,16-FEB-2021,EQUITY_L (beyond Nifty 500)
AKI,AKI India Limited,Micro Cap,Others / Diversified,INE642Z01026,06-APR-2023,EQUITY_L (beyond Nifty 500)
AKSHAR,Akshar Spintex Limited,Micro Cap,Others / Diversified,INE256Z01025,23-MAY-2022,EQUITY_L (beyond Nifty 500)
AKSHARCHEM,AksharChem India Limited,Micro Cap,Others / Diversified,INE542B01011,28-MAR-2017,EQUITY_L (beyond Nifty 500)
AKSHOPTFBR,Aksh Optifibre Limited,Micro Cap,Textiles & Apparel,INE523B01011,18-AUG-2000,EQUITY_L (beyond Nifty 500)
AKUMS,Akums Drugs and Pharmaceuticals Limited,Micro Cap,Healthcare,INE09XN01023,06-AUG-2024,Nifty Microcap 250
ALANKIT,Alankit Limited,Micro Cap,Others / Diversified,INE914E01040,30-JUN-2015,EQUITY_L (beyond Nifty 500)
ALBERTDAVD,Albert David Limited,Micro Cap,Others / Diversified,INE155C01010,14-JUN-2016,EQUITY_L (beyond Nifty 500)
ALEMBICLTD,Alembic Limited,Micro Cap,Others / Diversified,INE426A01027,22-SEP-1999,EQUITY_L (beyond Nifty 500)
ALGOQUANT,Algoquant Fintech Limited,Micro Cap,Financial Services,INE598D01035,06-JAN-2026,EQUITY_L (beyond Nifty 500)
ALICON,Alicon Castalloy Limited,Micro Cap,Metals & Mining,INE062D01024,29-SEP-2006,EQUITY_L (beyond Nifty 500)
ALIVUS,Alivus Life Sciences Limited,Micro Cap,Healthcare,INE03Q201024,06-AUG-2021,Nifty Microcap 250
ALKALI,Alkali Metals Limited,Micro Cap,Metals & Mining,INE773I01017,06-NOV-2008,EQUITY_L (beyond Nifty 500)
ALKYLAMINE,Alkyl Amines Chemicals Limited,Micro Cap,Chemicals,INE150B01039,26-NOV-2007,Nifty Microcap 250
ALLCARGO,Allcargo Logistics Limited,Micro Cap,Automobile & Auto Components,INE418H01029,23-JUN-2006,EQUITY_L (beyond Nifty 500)
ALLDIGI,Alldigi Tech Limited,Micro Cap,Information Technology,INE835G01018,09-MAY-2005,EQUITY_L (beyond Nifty 500)
ALLTIME,All Time Plastics Limited,Micro Cap,Chemicals,INE0GV601021,14-AUG-2025,EQUITY_L (beyond Nifty 500)
ALMONDZ,Almondz Global Securities Limited,Micro Cap,Financial Services,INE326B01035,16-JUN-2008,EQUITY_L (beyond Nifty 500)
ALOKINDS,Alok Industries Limited,Micro Cap,Textiles,INE270A01029,19-FEB-2020,Nifty Microcap 250
ALPA,Alpa Laboratories Limited,Micro Cap,Healthcare & Pharma,INE385I01010,06-AUG-2007,EQUITY_L (beyond Nifty 500)
ALPHAGEO,Alphageo (India) Limited,Micro Cap,Others / Diversified,INE137C01018,11-MAY-2007,EQUITY_L (beyond Nifty 500)
AMAGI,Amagi Media Labs Limited,Micro Cap,Healthcare & Pharma,INE121R01077,21-JAN-2026,EQUITY_L (beyond Nifty 500)
AMANTA,Amanta Healthcare Limited,Micro Cap,Healthcare & Pharma,INE084K01015,09-SEP-2025,EQUITY_L (beyond Nifty 500)
AMBALALSA,Ambalal Sarabhai Enterprises Limited,Micro Cap,Information Technology,INE432A01017,20-APR-2026,EQUITY_L (beyond Nifty 500)
AMBICAAGAR,Ambica Agarbathies & Aroma industries Limited,Micro Cap,Others / Diversified,INE792B01012,29-JUN-2004,EQUITY_L (beyond Nifty 500)
AMBIKCO,Ambika Cotton Mills Limited,Micro Cap,Textiles & Apparel,INE540G01014,29-JAN-2008,EQUITY_L (beyond Nifty 500)
AMDIND,AMD Industries Limited,Micro Cap,Others / Diversified,INE005I01014,19-MAR-2007,EQUITY_L (beyond Nifty 500)
AMIRCHAND,Amir Chand Jagdish Kumar (Exports) Limited,Micro Cap,Logistics & Transportation,INE05TO01019,02-APR-2026,EQUITY_L (beyond Nifty 500)
AMJLAND,Amj Land Holdings Limited,Micro Cap,Others / Diversified,INE606A01024,08-FEB-1995,EQUITY_L (beyond Nifty 500)
AMNPLST,Amines & Plasticizers Limited,Micro Cap,Chemicals,INE275D01022,10-NOV-2023,EQUITY_L (beyond Nifty 500)
AMRUTANJAN,Amrutanjan Health Care Limited,Micro Cap,Healthcare & Pharma,INE098F01031,02-JAN-2015,EQUITY_L (beyond Nifty 500)
ANDHRAPAP,ANDHRA PAPER LIMITED,Micro Cap,Paper & Packaging,INE435A01051,13-MAY-2004,EQUITY_L (beyond Nifty 500)
ANDHRSUGAR,The Andhra Sugars Limited,Micro Cap,FMCG & Consumer Goods,INE715B01021,01-NOV-1995,EQUITY_L (beyond Nifty 500)
ANIKINDS,Anik Industries Limited,Micro Cap,Others / Diversified,INE087B01017,21-MAY-2008,EQUITY_L (beyond Nifty 500)
ANKITMETAL,Ankit Metal & Power Limited,Micro Cap,Metals & Mining,INE106I01010,14-MAR-2013,EQUITY_L (beyond Nifty 500)
ANMOL,Anmol India Limited,Micro Cap,Others / Diversified,INE02AR01019,04-JUN-2021,EQUITY_L (beyond Nifty 500)
ANSALAPI,Ansal Properties & Infrastructure Limited,Micro Cap,Construction & Infrastructure,INE436A01026,27-JAN-2006,EQUITY_L (beyond Nifty 500)
ANTELOPUS,Antelopus Selan Energy Limited,Micro Cap,Others / Diversified,INE818A01017,26-SEP-2006,EQUITY_L (beyond Nifty 500)
ANTGRAPHIC,Antarctica Limited,Micro Cap,Others / Diversified,INE414B01021,31-DEC-1997,EQUITY_L (beyond Nifty 500)
ANUHPHR,Anuh Pharma Limited,Micro Cap,Healthcare & Pharma,INE489G01022,20-DEC-2024,EQUITY_L (beyond Nifty 500)
ANUP,The Anup Engineering Limited,Micro Cap,Capital Goods,INE294Z01018,01-MAR-2019,Nifty Microcap 250
APCL,Anjani Portland Cement Limited,Micro Cap,Logistics & Transportation,INE071F01012,10-APR-2017,EQUITY_L (beyond Nifty 500)
APCOTEXIND,Apcotex Industries Limited,Micro Cap,Others / Diversified,INE116A01032,06-SEP-1995,EQUITY_L (beyond Nifty 500)
APEX,Apex Frozen Foods Limited,Micro Cap,FMCG & Consumer Goods,INE346W01013,04-SEP-2017,EQUITY_L (beyond Nifty 500)
APLLTD,Alembic Pharmaceuticals Limited,Micro Cap,Healthcare,INE901L01018,20-SEP-2011,Nifty Microcap 250
APOLLO,Apollo Micro Systems Limited,Micro Cap,Capital Goods,INE713T01028,22-JAN-2018,Nifty Microcap 250
APOLLOPIPE,Apollo Pipes Limited,Micro Cap,Others / Diversified,INE126J01016,11-NOV-2019,EQUITY_L (beyond Nifty 500)
APOLSINHOT,Apollo Sindoori Hotels Limited,Micro Cap,Retail & Consumer Services,INE451F01024,28-JAN-2015,EQUITY_L (beyond Nifty 500)
APTECHT,Aptech Limited,Micro Cap,Information Technology,INE266F01018,27-SEP-2002,EQUITY_L (beyond Nifty 500)
AQYLON,Aqylon Nexus Limited,Micro Cap,Others / Diversified,INE416A01051,01-APR-2024,EQUITY_L (beyond Nifty 500)
ARCHIDPLY,Archidply Industries Limited,Micro Cap,Others / Diversified,INE877I01016,04-JUL-2008,EQUITY_L (beyond Nifty 500)
ARCHIES,Archies Limited,Micro Cap,Others / Diversified,INE731A01020,02-SEP-1998,EQUITY_L (beyond Nifty 500)
ARENTERP,Rajdarshan Industries Limited,Micro Cap,Others / Diversified,INE610C01014,18-OCT-1995,EQUITY_L (beyond Nifty 500)
ARFIN,Arfin India Limited,Micro Cap,Others / Diversified,INE784R01023,22-JUL-2025,EQUITY_L (beyond Nifty 500)
ARIES,Aries Agro Limited,Micro Cap,Agriculture,INE298I01015,11-JAN-2008,EQUITY_L (beyond Nifty 500)
ARIHANT,Arihant Foundations & Housing Limited,Micro Cap,Real Estate,INE413D01011,20-APR-2026,EQUITY_L (beyond Nifty 500)
ARIHANTCAP,Arihant Capital Markets Limited,Micro Cap,Financial Services,INE420B01036,15-JUN-2021,EQUITY_L (beyond Nifty 500)
ARIHANTSUP,Arihant Superstructures Limited,Micro Cap,Others / Diversified,INE643K01018,28-MAR-2017,EQUITY_L (beyond Nifty 500)
ARIS,Arisinfra Solutions Limited,Micro Cap,Construction & Infrastructure,INE0H9P01028,25-JUN-2025,EQUITY_L (beyond Nifty 500)
ARKADE,Arkade Developers Limited,Micro Cap,Others / Diversified,INE0QRL01017,24-SEP-2024,EQUITY_L (beyond Nifty 500)
ARMANFIN,Arman Financial Services Limited,Micro Cap,Financial Services,INE109C01017,14-JUN-2016,EQUITY_L (beyond Nifty 500)
AROGRANITE,Aro Granite Industries Limited,Micro Cap,Others / Diversified,INE210C01013,24-APR-2007,EQUITY_L (beyond Nifty 500)
ARROWGREEN,Arrow Greentech Limited,Micro Cap,Information Technology,INE570D01018,21-MAY-2015,EQUITY_L (beyond Nifty 500)
ARSHIYA,Arshiya Limited,Micro Cap,Others / Diversified,INE968D01022,14-DEC-2009,EQUITY_L (beyond Nifty 500)
ARSSBL,Anand Rathi Share and Stock Brokers Limited,Micro Cap,Others / Diversified,INE549H01021,30-SEP-2025,EQUITY_L (beyond Nifty 500)
ARTEMISMED,Artemis Medicare Services Limited,Micro Cap,Automobile & Auto Components,INE025R01021,23-JAN-2020,EQUITY_L (beyond Nifty 500)
ARTNIRMAN,Art Nirman Limited,Micro Cap,Others / Diversified,INE738V01013,18-OCT-2021,EQUITY_L (beyond Nifty 500)
ARVEE,Arvee Laboratories (India) Limited,Micro Cap,Healthcare & Pharma,INE006Z01016,22-MAR-2021,EQUITY_L (beyond Nifty 500)
ARVIND,Arvind Limited,Micro Cap,Textiles,INE034A01011,08-FEB-1995,Nifty Microcap 250
ARVINDFASN,Arvind Fashions Limited,Micro Cap,Consumer Services,INE955V01021,08-MAR-2019,Nifty Microcap 250
ARVSMART,Arvind SmartSpaces Limited,Micro Cap,Retail & Consumer Services,INE034S01021,26-AUG-2015,EQUITY_L (beyond Nifty 500)
ASAHISONG,Asahi Songwon Colors Limited,Micro Cap,Others / Diversified,INE228I01012,29-AUG-2011,EQUITY_L (beyond Nifty 500)
ASAL,Automotive Stampings and Assemblies Limited,Micro Cap,Automobile & Auto Components,INE900C01027,12-MAR-2002,EQUITY_L (beyond Nifty 500)
ASALCBR,Associated Alcohols & Breweries Ltd.,Micro Cap,FMCG & Consumer Goods,INE073G01016,12-FEB-2020,EQUITY_L (beyond Nifty 500)
ASHAPURMIN,Ashapura Minechem Limited,Micro Cap,Metals & Mining,INE348A01023,20-SEP-1995,Nifty Microcap 250
ASHIANA,Ashiana Housing Limited,Micro Cap,Real Estate,INE365D01021,29-JUN-2011,EQUITY_L (beyond Nifty 500)
ASHIKA,Ashika Credit Capital Limited,Micro Cap,Financial Services,INE094B01013,20-APR-2026,EQUITY_L (beyond Nifty 500)
ASHIMASYN,Ashima Limited,Micro Cap,Others / Diversified,INE440A01010,27-JUL-1995,EQUITY_L (beyond Nifty 500)
ASHOKA,Ashoka Buildcon Limited,Micro Cap,Construction,INE442H01029,14-OCT-2010,Nifty Microcap 250
ASHOKAMET,Ashoka Metcast Limited,Micro Cap,Others / Diversified,INE760Y01011,27-JUN-2023,EQUITY_L (beyond Nifty 500)
ASIANENE,Asian Energy Services Limited,Micro Cap,Others / Diversified,INE276G01015,09-DEC-2021,EQUITY_L (beyond Nifty 500)
ASIANHOTNR,Asian Hotels (North) Limited,Micro Cap,Retail & Consumer Services,INE363A01022,07-APR-2010,EQUITY_L (beyond Nifty 500)
ASIANTILES,Asian Granito India Limited,Micro Cap,Others / Diversified,INE022I01019,23-AUG-2007,EQUITY_L (beyond Nifty 500)
ASKAUTOLTD,ASK Automotive Limited,Micro Cap,Automobile and Auto Components,INE491J01022,15-NOV-2023,Nifty Microcap 250
ASMS,Bartronics India Limited,Micro Cap,Others / Diversified,INE855F01042,09-FEB-2023,EQUITY_L (beyond Nifty 500)
ASPINWALL,Aspinwall and Company Limited,Micro Cap,Others / Diversified,INE991I01015,14-JUN-2016,EQUITY_L (beyond Nifty 500)
ASTAR,Asian Star Company Limited,Micro Cap,Others / Diversified,INE194D01017,20-APR-2026,EQUITY_L (beyond Nifty 500)
ASTEC,Astec LifeSciences Limited,Micro Cap,Healthcare & Pharma,INE563J01010,25-NOV-2009,EQUITY_L (beyond Nifty 500)
ASTRAMICRO,Astra Microwave Products Limited,Micro Cap,Capital Goods,INE386C01029,01-NOV-2004,Nifty Microcap 250
ASTRAZEN,AstraZeneca Pharma India Limited,Micro Cap,Healthcare & Pharma,INE203A01020,04-MAY-2001,EQUITY_L (beyond Nifty 500)
ASTRON,Astron Paper & Board Mill Limited,Micro Cap,Paper & Packaging,INE646X01014,29-DEC-2017,EQUITY_L (beyond Nifty 500)
ATALREAL,Atal Realtech Limited,Micro Cap,Information Technology,INE0ALR01029,12-MAY-2023,EQUITY_L (beyond Nifty 500)
ATAM,Atam Valves Limited,Micro Cap,Capital Goods & Engineering,INE09KD01013,10-MAY-2023,EQUITY_L (beyond Nifty 500)
ATL,Allcargo Terminals Limited,Micro Cap,Automobile & Auto Components,INE0NN701020,10-AUG-2023,EQUITY_L (beyond Nifty 500)
ATLANTAA,ATLANTAA LIMITED,Micro Cap,Others / Diversified,INE285H01022,25-SEP-2006,EQUITY_L (beyond Nifty 500)
ATLANTAELE,Atlanta Electricals Limited,Micro Cap,Capital Goods,INE0Z4F01028,29-SEP-2025,Nifty Microcap 250
ATLASCYCLE,Atlas Cycles (Haryana) Limited,Micro Cap,Others / Diversified,INE446A01025,23-OCT-1996,EQUITY_L (beyond Nifty 500)
ATULAUTO,Atul Auto Limited,Micro Cap,Automobile & Auto Components,INE951D01028,26-JUN-2013,EQUITY_L (beyond Nifty 500)
AURIGROW,Auri Grow India Limited,Micro Cap,Others / Diversified,INE925Y01036,24-DEC-2020,EQUITY_L (beyond Nifty 500)
AURIONPRO,Aurionpro Solutions Limited,Micro Cap,Information Technology,INE132H01018,25-OCT-2005,Nifty Microcap 250
AURUM,Aurum PropTech Limited,Micro Cap,Information Technology,INE898S01029,19-AUG-2015,EQUITY_L (beyond Nifty 500)
AUSOMENT,Ausom Enterprise Limited,Micro Cap,Information Technology,INE218C01016,17-APR-1996,EQUITY_L (beyond Nifty 500)
AUTOAXLES,Automotive Axles Limited,Micro Cap,Automobile & Auto Components,INE449A01011,29-MAY-2003,EQUITY_L (beyond Nifty 500)
AUTOIND,Autoline Industries Limited,Micro Cap,Automobile & Auto Components,INE718H01014,31-JAN-2007,EQUITY_L (beyond Nifty 500)
AVADHSUGAR,Avadh Sugar & Energy Limited,Micro Cap,FMCG & Consumer Goods,INE349W01017,28-JUL-2017,EQUITY_L (beyond Nifty 500)
AVALON,Avalon Technologies Limited,Micro Cap,Capital Goods,INE0LCL01028,18-APR-2023,Nifty Microcap 250
AVANTEL,Avantel Limited,Micro Cap,Others / Diversified,INE005B01027,31-JUL-2024,EQUITY_L (beyond Nifty 500)
AVANTIFEED,Avanti Feeds Limited,Micro Cap,Fast Moving Consumer Goods,INE871C01038,15-APR-2015,Nifty Microcap 250
AVG,AVG Logistics Limited,Micro Cap,Logistics & Transportation,INE680Z01018,12-MAY-2023,EQUITY_L (beyond Nifty 500)
AVL,Aditya Vision Limited,Micro Cap,Consumer Services,INE679V01027,06-NOV-2024,Nifty Microcap 250
AVONMORE,Avonmore Capital & Management Services Limited,Micro Cap,Financial Services,INE323B01024,04-JAN-2023,EQUITY_L (beyond Nifty 500)
AVROIND,AVRO INDIA LIMITED,Micro Cap,Others / Diversified,INE652Z01025,07-APR-2022,EQUITY_L (beyond Nifty 500)
AVTNPL,AVT Natural Products Limited,Micro Cap,Others / Diversified,INE488D01021,10-JAN-2007,EQUITY_L (beyond Nifty 500)
AWFIS,Awfis Space Solutions Limited,Micro Cap,Services,INE108V01019,30-MAY-2024,Nifty Microcap 250
AWHCL,Antony Waste Handling Cell Limited,Micro Cap,Others / Diversified,INE01BK01022,01-JAN-2021,EQUITY_L (beyond Nifty 500)
AXISCADES,AXISCADES Technologies Limited,Micro Cap,Capital Goods,INE555B01013,21-DEC-2000,Nifty Microcap 250
AXITA,Axita Cotton Limited,Micro Cap,Textiles & Apparel,INE02EZ01022,21-JUN-2022,EQUITY_L (beyond Nifty 500)
AYE,Aye Finance Limited,Micro Cap,Financial Services,INE501X01029,16-FEB-2026,EQUITY_L (beyond Nifty 500)
AYMSYNTEX,AYM Syntex Limited,Micro Cap,Others / Diversified,INE193B01039,14-AUG-2015,EQUITY_L (beyond Nifty 500)
AZAD,Azad Engineering Limited,Micro Cap,Capital Goods,INE02IJ01035,28-DEC-2023,Nifty Microcap 250
BAFNAPH,Bafna Pharmaceuticals Limited,Micro Cap,Healthcare & Pharma,INE878I01022,27-FEB-2020,EQUITY_L (beyond Nifty 500)
BAGFILMS,B.A.G Films and Media Limited,Micro Cap,Media & Entertainment,INE116D01028,17-OCT-2003,EQUITY_L (beyond Nifty 500)
BAIDFIN,Baid Finserv Limited,Micro Cap,Others / Diversified,INE020D01022,20-JAN-2023,EQUITY_L (beyond Nifty 500)
BAJAJCON,Bajaj Consumer Care Limited,Micro Cap,Automobile & Auto Components,INE933K01021,18-AUG-2010,EQUITY_L (beyond Nifty 500)
BAJAJELEC,Bajaj Electricals Limited,Micro Cap,Consumer Durables,INE193E01025,02-NOV-2007,Nifty Microcap 250
BAJAJHCARE,Bajaj Healthcare Limited,Micro Cap,Healthcare & Pharma,INE411U01027,25-NOV-2021,EQUITY_L (beyond Nifty 500)
BAJAJHIND,Bajaj Hindusthan Sugar Limited,Micro Cap,FMCG & Consumer Goods,INE306A01021,10-MAY-1995,EQUITY_L (beyond Nifty 500)
BAJAJINDEF,Indef Manufacturing Limited,Micro Cap,Others / Diversified,INE0O9T01021,21-FEB-2025,EQUITY_L (beyond Nifty 500)
BAJAJST,Bajaj Steel Industries Limited,Micro Cap,Metals & Mining,INE704G01024,20-APR-2026,EQUITY_L (beyond Nifty 500)
BAJEL,Bajel Projects Limited,Micro Cap,Construction & Infrastructure,INE0KQN01018,19-DEC-2023,EQUITY_L (beyond Nifty 500)
BALAJEE,Shree Tirupati Balajee Agro Trading Company Limited,Micro Cap,Agriculture,INE0S2G01011,12-SEP-2024,EQUITY_L (beyond Nifty 500)
BALAJITELE,Balaji Telefilms Limited,Micro Cap,Media & Entertainment,INE794B01026,22-NOV-2000,EQUITY_L (beyond Nifty 500)
BALAMINES,Balaji Amines Limited,Micro Cap,Chemicals,INE050E01027,05-APR-2007,Nifty Microcap 250
BALAXI,BALAXI PHARMACEUTICALS LIMITED,Micro Cap,Healthcare & Pharma,INE618N01022,30-NOV-2015,EQUITY_L (beyond Nifty 500)
BALKRISHNA,Balkrishna Paper Mills Limited,Micro Cap,Paper & Packaging,INE875R01011,28-JUL-2015,EQUITY_L (beyond Nifty 500)
BALMLAWRIE,Balmer Lawrie & Company Limited,Micro Cap,Others / Diversified,INE164A01016,06-JUL-1995,EQUITY_L (beyond Nifty 500)
BALPHARMA,Bal Pharma Limited,Micro Cap,Healthcare & Pharma,INE083D01012,08-MAY-2006,EQUITY_L (beyond Nifty 500)
BALUFORGE,Balu Forge Industries Limited,Micro Cap,Capital Goods,INE011E01029,29-APR-2024,Nifty Microcap 250
BANARBEADS,Banaras Beads Limited,Micro Cap,Others / Diversified,INE655B01011,07-JUL-1995,EQUITY_L (beyond Nifty 500)
BANARISUG,Bannari Amman Sugars Limited,Micro Cap,FMCG & Consumer Goods,INE459A01010,28-MAY-2003,EQUITY_L (beyond Nifty 500)
BANCOINDIA,Banco Products (I) Limited,Micro Cap,Automobile and Auto Components,INE213C01025,22-DEC-2006,Nifty Microcap 250
BANG,Bang Overseas Limited,Micro Cap,Others / Diversified,INE863I01016,20-FEB-2008,EQUITY_L (beyond Nifty 500)
BANKA,Banka BioLoo Limited,Micro Cap,Financial Services - Banks,INE862Y01015,29-OCT-2020,EQUITY_L (beyond Nifty 500)
BANSALWIRE,Bansal Wire Industries Limited,Micro Cap,Capital Goods & Engineering,INE0B9K01025,10-JUL-2024,EQUITY_L (beyond Nifty 500)
BANSWRAS,Banswara Syntex Limited,Micro Cap,Others / Diversified,INE629D01020,11-APR-2007,EQUITY_L (beyond Nifty 500)
BASF,BASF India Limited,Micro Cap,Others / Diversified,INE373A01013,17-MAY-1995,EQUITY_L (beyond Nifty 500)
BASML,Bannari Amman Spinning Mills Limited,Micro Cap,Textiles & Apparel,INE186H01022,14-NOV-2005,EQUITY_L (beyond Nifty 500)
BATLIBOI,Batliboi Limited,Micro Cap,Others / Diversified,INE177C01022,20-APR-2026,EQUITY_L (beyond Nifty 500)
BBL,Bharat Bijlee Limited,Micro Cap,Others / Diversified,INE464A01036,21-NOV-2006,EQUITY_L (beyond Nifty 500)
BBOX,Black Box Limited,Micro Cap,Information Technology,INE676A01027,22-JUL-2003,Nifty Microcap 250
BBTCL,B&B Triplewall Containers Limited,Micro Cap,Logistics & Transportation,INE01EE01011,23-NOV-2022,EQUITY_L (beyond Nifty 500)
BCG,Brightcom Group Limited,Micro Cap,Others / Diversified,INE425B01027,08-MAY-2015,EQUITY_L (beyond Nifty 500)
BCLIND,Bcl Industries Limited,Micro Cap,Others / Diversified,INE412G01024,04-MAR-2021,EQUITY_L (beyond Nifty 500)
BCONCEPTS,Brand Concepts Limited,Micro Cap,Others / Diversified,INE977Y01011,11-JAN-2022,EQUITY_L (beyond Nifty 500)
BCPL,BCPL Railway Infrastructure Limited,Micro Cap,Construction & Infrastructure,INE00SW01015,27-MAR-2026,EQUITY_L (beyond Nifty 500)
BEARDSELL,Beardsell Limited,Micro Cap,Others / Diversified,INE520H01022,13-JAN-2015,EQUITY_L (beyond Nifty 500)
BECTORFOOD,Mrs. Bectors Food Specialities Limited,Micro Cap,Fast Moving Consumer Goods,INE495P01020,24-DEC-2020,Nifty Microcap 250
BEDMUTHA,Bedmutha Industries Limited,Micro Cap,Others / Diversified,INE844K01012,14-OCT-2010,EQUITY_L (beyond Nifty 500)
BEEKAY,Beekay Steel Industries Limited,Micro Cap,Metals & Mining,INE213D01015,20-APR-2026,EQUITY_L (beyond Nifty 500)
BELLACASA,Bella Casa Fashion & Retail Limited,Micro Cap,Textiles & Apparel,INE344T01014,18-JUL-2025,EQUITY_L (beyond Nifty 500)
BENGALASM,Bengal & Assam Company Limited,Micro Cap,Others / Diversified,INE083K01017,20-APR-2026,EQUITY_L (beyond Nifty 500)
BEPL,Bhansali Engineering Polymers Limited,Micro Cap,Capital Goods & Engineering,INE922A01025,21-MAR-2005,EQUITY_L (beyond Nifty 500)
BESTAGRO,Best Agrolife Limited,Micro Cap,Agriculture,INE052T01021,10-APR-2024,EQUITY_L (beyond Nifty 500)
BETA,Beta Drugs Limited,Micro Cap,Healthcare & Pharma,INE351Y01019,24-NOV-2025,EQUITY_L (beyond Nifty 500)
BFINVEST,BF Investment Limited,Micro Cap,Financial Services,INE878K01010,14-JAN-2011,EQUITY_L (beyond Nifty 500)
BFUTILITIE,BF Utilities Limited,Micro Cap,Others / Diversified,INE243D01012,03-MAY-2007,EQUITY_L (beyond Nifty 500)
BGRENERGY,BGR Energy Systems Limited,Micro Cap,Information Technology,INE661I01014,03-JAN-2008,EQUITY_L (beyond Nifty 500)
BHAGCHEM,Bhagiradha Chemicals & Industries Limited,Micro Cap,Chemicals,INE414D01027,18-OCT-2021,EQUITY_L (beyond Nifty 500)
BHAGERIA,Bhageria Industries Limited,Micro Cap,Others / Diversified,INE354C01027,02-MAR-2016,EQUITY_L (beyond Nifty 500)
BHAGYANGR,Bhagyanagar India Limited,Micro Cap,Others / Diversified,INE458B01036,17-MAY-2017,EQUITY_L (beyond Nifty 500)
BHANDARI,Bhandari Hosiery Exports Limited,Micro Cap,Textiles & Apparel,INE474E01029,30-JAN-2017,EQUITY_L (beyond Nifty 500)
BHARATCOAL,Bharat Coking Coal Limited,Micro Cap,Metals & Mining,INE05XR01022,19-JAN-2026,EQUITY_L (beyond Nifty 500)
BHARATGEAR,Bharat Gears Limited,Micro Cap,Automobile & Auto Components,INE561C01019,03-APR-1996,EQUITY_L (beyond Nifty 500)
BHARATRAS,Bharat Rasayan Limited,Micro Cap,Others / Diversified,INE838B01021,11-OCT-1995,EQUITY_L (beyond Nifty 500)
BHARATSE,Bharat Seats Limited,Micro Cap,Others / Diversified,INE415D01024,24-MAR-2025,EQUITY_L (beyond Nifty 500)
BHARATWIRE,Bharat Wire Ropes Limited,Micro Cap,Others / Diversified,INE316L01019,01-APR-2016,EQUITY_L (beyond Nifty 500)
BI,Bilcare Limited,Micro Cap,Automobile & Auto Components,INE986A01012,20-APR-2026,EQUITY_L (beyond Nifty 500)
BIGBLOC,Bigbloc Construction Limited,Micro Cap,Construction & Infrastructure,INE412U01025,02-SEP-2016,EQUITY_L (beyond Nifty 500)
BIL,Bhartiya International Limited,Micro Cap,Others / Diversified,INE828A01016,12-APR-2000,EQUITY_L (beyond Nifty 500)
BILVYAPAR,BIL VYAPAR LIMITED,Micro Cap,Others / Diversified,INE071A01013,27-SEP-2006,EQUITY_L (beyond Nifty 500)
BIMETAL,Bimetal Bearings Limited,Micro Cap,Automobile & Auto Components,INE469A01019,20-APR-2026,EQUITY_L (beyond Nifty 500)
BIOFILCHEM,Biofil Chemicals & Pharmaceuticals Limited,Micro Cap,Healthcare & Pharma,INE829A01014,12-JUN-1996,EQUITY_L (beyond Nifty 500)
BIRLACABLE,Birla Cable Limited,Micro Cap,Capital Goods & Engineering,INE800A01015,06-DEC-1995,EQUITY_L (beyond Nifty 500)
BIRLACORPN,Birla Corporation Limited,Micro Cap,Construction Materials,INE340A01012,12-APR-1995,Nifty Microcap 250
BIRLAMONEY,Aditya Birla Money Limited,Micro Cap,Others / Diversified,INE865C01022,07-FEB-2008,EQUITY_L (beyond Nifty 500)
BIRLANU,BirlaNu Limited,Micro Cap,Others / Diversified,INE557A01011,26-APR-1995,EQUITY_L (beyond Nifty 500)
BIRLAPREC,Birla Precision Technologies Limited,Micro Cap,Information Technology,INE372E01025,20-APR-2026,EQUITY_L (beyond Nifty 500)
BLACKBUCK,BLACKBUCK LIMITED,Micro Cap,Services,INE0UIZ01018,22-NOV-2024,Nifty Microcap 250
BLACKROSE,Black Rose Inds. Limited,Micro Cap,Others / Diversified,INE761G01016,20-APR-2026,EQUITY_L (beyond Nifty 500)
BLAL,BEML Land Assets Limited,Micro Cap,Others / Diversified,INE0N7W01012,19-APR-2023,EQUITY_L (beyond Nifty 500)
BLBLIMITED,BLB Limited,Micro Cap,Others / Diversified,INE791A01024,31-MAY-2000,EQUITY_L (beyond Nifty 500)
BLIL,Balmer Lawrie Investments Limited,Micro Cap,Financial Services,INE525F01025,20-APR-2026,EQUITY_L (beyond Nifty 500)
BLISSGVS,Bliss GVS Pharma Limited,Micro Cap,Healthcare & Pharma,INE416D01022,26-JUL-2010,EQUITY_L (beyond Nifty 500)
BLKASHYAP,B. L. Kashyap and Sons Limited,Micro Cap,Others / Diversified,INE350H01032,17-MAR-2006,EQUITY_L (beyond Nifty 500)
BLSE,BLS E-Services Limited,Micro Cap,Others / Diversified,INE0NLT01010,06-FEB-2024,EQUITY_L (beyond Nifty 500)
BLUECOAST,Blue Coast Hotels Limited,Micro Cap,Retail & Consumer Services,INE472B01011,16-FEB-2000,EQUITY_L (beyond Nifty 500)
BLUESTONE,BlueStone Jewellery and Lifestyle Limited,Micro Cap,Consumer Durables,INE304W01038,19-AUG-2025,Nifty Microcap 250
BLUSPRING,Bluspring Enterprises Limited,Micro Cap,Information Technology,INE0U4101014,11-JUN-2025,EQUITY_L (beyond Nifty 500)
BMWVENTLTD,BMW Ventures Limited,Micro Cap,Financial Services,INE965W01036,01-OCT-2025,EQUITY_L (beyond Nifty 500)
BNAGROCHEM,BN Agrochem Limited,Micro Cap,Chemicals,INE00HZ01011,20-APR-2026,EQUITY_L (beyond Nifty 500)
BNALTD,B & A Limited,Micro Cap,Others / Diversified,INE489D01011,20-APR-2026,EQUITY_L (beyond Nifty 500)
BODALCHEM,Bodal Chemicals Limited,Micro Cap,Chemicals,INE338D01028,22-AUG-2011,EQUITY_L (beyond Nifty 500)
BOHRAIND,Bohra Industries Limited,Micro Cap,Others / Diversified,INE802W01023,27-OCT-2022,EQUITY_L (beyond Nifty 500)
BOMDYEING,Bombay Dyeing & Mfg Company Limited,Micro Cap,Chemicals,INE032A01023,26-APR-1995,EQUITY_L (beyond Nifty 500)
BONLON,Bonlon Industries Limited,Micro Cap,Others / Diversified,INE0B9A01018,20-FEB-2026,EQUITY_L (beyond Nifty 500)
BORANA,Borana Weaves Limited,Micro Cap,Others / Diversified,INE16SF01016,27-MAY-2025,EQUITY_L (beyond Nifty 500)
BOROLTD,Borosil Limited,Micro Cap,Others / Diversified,INE02PY01013,22-JUL-2020,EQUITY_L (beyond Nifty 500)
BORORENEW,BOROSIL RENEWABLES LIMITED,Micro Cap,Capital Goods,INE666D01022,25-MAY-2018,Nifty Microcap 250
BOROSCI,Borosil Scientific Limited,Micro Cap,Others / Diversified,INE02L001032,07-JUN-2024,EQUITY_L (beyond Nifty 500)
BOSCH-HCIL,BOSCH HOME COMFORT INDIA LIMITED,Micro Cap,Others / Diversified,INE782A01015,03-JAN-2000,EQUITY_L (beyond Nifty 500)
BPL,BPL Limited,Micro Cap,Others / Diversified,INE110A01019,14-JUN-1995,EQUITY_L (beyond Nifty 500)
BRIGHOTEL,Brigade Hotel Ventures Limited,Micro Cap,Financial Services,INE03NU01014,31-JUL-2025,EQUITY_L (beyond Nifty 500)
BRNL,Bharat Road Network Limited,Micro Cap,Information Technology,INE727S01012,18-SEP-2017,EQUITY_L (beyond Nifty 500)
BROOKS,Brooks Laboratories Limited,Micro Cap,Healthcare & Pharma,INE650L01011,05-SEP-2011,EQUITY_L (beyond Nifty 500)
BSHSL,Bombay Super Hybrid Seeds Limited,Micro Cap,Agriculture,INE032Z01020,28-OCT-2020,EQUITY_L (beyond Nifty 500)
BSL,BSL Limited,Micro Cap,Others / Diversified,INE594B01012,27-JUL-1995,EQUITY_L (beyond Nifty 500)
BTML,Bodhi Tree Multimedia Limited,Micro Cap,Media & Entertainment,INE0EEJ01023,15-FEB-2023,EQUITY_L (beyond Nifty 500)
BTTL,Bhilwara Technical Textiles Limited,Micro Cap,Information Technology,INE274K01012,20-APR-2026,EQUITY_L (beyond Nifty 500)
BUILDPRO,Shankara Buildpro Limited,Micro Cap,Construction & Infrastructure,INE24OJ01011,09-JAN-2026,EQUITY_L (beyond Nifty 500)
BUTTERFLY,Butterfly Gandhimathi Appliances Limited,Micro Cap,Others / Diversified,INE295F01017,28-APR-2014,EQUITY_L (beyond Nifty 500)
BVCL,Barak Valley Cements Limited,Micro Cap,Others / Diversified,INE139I01011,23-NOV-2007,EQUITY_L (beyond Nifty 500)
BYKE,The Byke Hospitality Ltd,Micro Cap,Healthcare & Pharma,INE319B01014,15-APR-2015,EQUITY_L (beyond Nifty 500)
CALSOFT,California Software Company Limited,Micro Cap,Information Technology,INE526B01014,28-JUN-2000,EQUITY_L (beyond Nifty 500)
CAMLINFINE,Camlin Fine Sciences Limited,Micro Cap,Others / Diversified,INE052I01032,20-JAN-2015,EQUITY_L (beyond Nifty 500)
CAMPUS,Campus Activewear Limited,Micro Cap,Consumer Durables,INE278Y01022,09-MAY-2022,Nifty Microcap 250
CANTABIL,Cantabil Retail India Limited,Micro Cap,Retail & Consumer Services,INE068L01024,12-OCT-2010,EQUITY_L (beyond Nifty 500)
CAPACITE,Capacit'e Infraprojects Limited,Micro Cap,Construction & Infrastructure,INE264T01014,25-SEP-2017,EQUITY_L (beyond Nifty 500)
CAPILLARY,Capillary Technologies India Limited,Micro Cap,Information Technology,INE0ILV01024,21-NOV-2025,Nifty Microcap 250
CAPITALSFB,Capital Small Finance Bank Limited,Micro Cap,Financial Services - Banks,INE646H01017,14-FEB-2024,EQUITY_L (beyond Nifty 500)
CAPTRUST,Capital Trust Limited,Micro Cap,Financial Services,INE707C01018,16-JAN-2017,EQUITY_L (beyond Nifty 500)
CARERATING,CARE Ratings Limited,Micro Cap,Automobile & Auto Components,INE752H01013,26-DEC-2012,EQUITY_L (beyond Nifty 500)
CARRARO,Carraro India Limited,Micro Cap,Automobile & Auto Components,INE0V7W01012,30-DEC-2024,EQUITY_L (beyond Nifty 500)
CARYSIL,CARYSIL LIMITED,Micro Cap,Automobile & Auto Components,INE482D01024,14-JAN-2021,EQUITY_L (beyond Nifty 500)
CCAVENUE,AvenuesAI Limited,Micro Cap,Financial Services,INE483S01020,04-APR-2016,Nifty Microcap 250
CCCL,Consolidated Construction Consortium Limited,Micro Cap,Construction & Infrastructure,INE429I01024,15-OCT-2007,EQUITY_L (beyond Nifty 500)
CCHHL,Country Club Hospitality & Holidays Limited,Micro Cap,Healthcare & Pharma,INE652F01027,03-FEB-2015,EQUITY_L (beyond Nifty 500)
CEIGALL,Ceigall India Limited,Micro Cap,Others / Diversified,INE0AG901020,08-AUG-2024,EQUITY_L (beyond Nifty 500)
CEINSYS,Ceinsys Tech Limited,Micro Cap,Information Technology,INE016Q01014,19-FEB-2026,EQUITY_L (beyond Nifty 500)
CELEBRITY,Celebrity Fashions Limited,Micro Cap,Textiles & Apparel,INE185H01016,12-JAN-2006,EQUITY_L (beyond Nifty 500)
CELLO,Cello World Limited,Micro Cap,Consumer Durables,INE0LMW01024,06-NOV-2023,Nifty Microcap 250
CENTENKA,Century Enka Limited,Micro Cap,Others / Diversified,INE485A01015,10-MAY-1995,EQUITY_L (beyond Nifty 500)
CENTEXT,Century Extrusions Limited,Micro Cap,Others / Diversified,INE281A01026,20-JUL-2004,EQUITY_L (beyond Nifty 500)
CENTRUM,Centrum Capital Limited,Micro Cap,Financial Services,INE660C01027,04-APR-2018,EQUITY_L (beyond Nifty 500)
CENTUM,Centum Electronics Limited,Micro Cap,Electronics & Components,INE320B01020,05-OCT-2007,EQUITY_L (beyond Nifty 500)
CENTURYPLY,Century Plyboards (India) Limited,Micro Cap,Consumer Durables,INE348B01021,23-MAR-2006,Nifty Microcap 250
CERA,Cera Sanitaryware Limited,Micro Cap,Consumer Durables,INE739E01017,02-NOV-2007,Nifty Microcap 250
CEREBRAINT,Cerebra Integrated Technologies Limited,Micro Cap,Information Technology,INE345B01019,26-JUN-2013,EQUITY_L (beyond Nifty 500)
CEWATER,Concord Enviro Systems Limited,Micro Cap,Information Technology,INE037Z01029,27-DEC-2024,EQUITY_L (beyond Nifty 500)
CHEMBOND,Chembond Material Technologies Limited,Micro Cap,Information Technology,INE995D01025,20-NOV-2019,EQUITY_L (beyond Nifty 500)
CHEMBONDCH,Chembond Chemicals Limited,Micro Cap,Chemicals,INE0TGX01019,23-JUL-2025,EQUITY_L (beyond Nifty 500)
CHEMCON,Chemcon Speciality Chemicals Limited,Micro Cap,Chemicals,INE03YM01018,01-OCT-2020,EQUITY_L (beyond Nifty 500)
CHEMFAB,Chemfab Alkalis Limited,Micro Cap,Others / Diversified,INE783X01023,25-APR-2018,EQUITY_L (beyond Nifty 500)
CHEMPLASTS,Chemplast Sanmar Limited,Micro Cap,Others / Diversified,INE488A01050,24-AUG-2021,EQUITY_L (beyond Nifty 500)
CHEVIOT,Cheviot Company Limited,Micro Cap,Others / Diversified,INE974B01016,20-JUN-2022,EQUITY_L (beyond Nifty 500)
CIFL,Capital India Finance Limited,Micro Cap,Financial Services,INE345H01024,17-APR-2025,EQUITY_L (beyond Nifty 500)
CINELINE,Cineline India Limited,Micro Cap,Others / Diversified,INE704H01022,13-JUN-2012,EQUITY_L (beyond Nifty 500)
CINEVISTA,Cinevista Limited,Micro Cap,Others / Diversified,INE039B01026,02-MAY-2000,EQUITY_L (beyond Nifty 500)
CLEANMAX,Clean Max Enviro Energy Solutions Limited,Micro Cap,Others / Diversified,INE647U01026,02-MAR-2026,EQUITY_L (beyond Nifty 500)
CLEDUCATE,CL Educate Limited,Micro Cap,Others / Diversified,INE201M01029,31-MAR-2017,EQUITY_L (beyond Nifty 500)
CLSEL,Chaman Lal Setia Exports Limited,Micro Cap,Logistics & Transportation,INE419D01026,12-MAY-2021,EQUITY_L (beyond Nifty 500)
CMPDI,Central Mine Planning & Design Institute Limited,Micro Cap,Others / Diversified,INE05HV01027,30-MAR-2026,EQUITY_L (beyond Nifty 500)
CMRGREEN,CMR Green Technologies Limited,Micro Cap,Information Technology,INE00WV01027,10-JUN-2026,EQUITY_L (beyond Nifty 500)
CMSINFO,CMS Info Systems Limited,Micro Cap,Services,INE925R01014,31-DEC-2021,Nifty Microcap 250
CNL,Creative Newtech Limited,Micro Cap,Information Technology,INE985W01018,05-AUG-2019,EQUITY_L (beyond Nifty 500)
COASTCORP,Coastal Corporation Limited,Micro Cap,Others / Diversified,INE377E01024,08-OCT-2021,EQUITY_L (beyond Nifty 500)
COCKERILL,John Cockerill India Limited,Micro Cap,Others / Diversified,INE515A01019,20-APR-2026,EQUITY_L (beyond Nifty 500)
COFFEEDAY,Coffee Day Enterprises Limited,Micro Cap,Information Technology,INE335K01011,02-NOV-2015,EQUITY_L (beyond Nifty 500)
COMFINTE,Comfort Intech Limited,Micro Cap,Information Technology,INE819A01049,20-APR-2026,EQUITY_L (beyond Nifty 500)
COMPINFO,Compuage Infocom Limited,Micro Cap,Others / Diversified,INE070C01037,07-JUL-2016,EQUITY_L (beyond Nifty 500)
COMPUSOFT,Compucom Software Limited,Micro Cap,Information Technology,INE453B01029,02-MAR-2012,EQUITY_L (beyond Nifty 500)
COMSYN,Commercial Syn Bags Limited,Micro Cap,Others / Diversified,INE073V01015,23-JAN-2024,EQUITY_L (beyond Nifty 500)
CONFIPET,Confidence Petroleum India Limited,Micro Cap,Oil Gas & Energy,INE552D01024,13-JUN-2019,EQUITY_L (beyond Nifty 500)
CONSOFINVT,Consolidated Finvest & Holdings Limited,Micro Cap,Others / Diversified,INE025A01027,29-MAR-2005,EQUITY_L (beyond Nifty 500)
CONTROLPR,Control Print Limited,Micro Cap,Media & Entertainment,INE663B01015,24-JUN-2016,EQUITY_L (beyond Nifty 500)
CORALFINAC,Coral India Finance & Housing Limited,Micro Cap,Financial Services,INE558D01021,25-MAR-1996,EQUITY_L (beyond Nifty 500)
CORDSCABLE,Cords Cable Industries Limited,Micro Cap,Capital Goods & Engineering,INE792I01017,13-FEB-2008,EQUITY_L (beyond Nifty 500)
CORONA,CORONA Remedies Limited,Micro Cap,Healthcare,INE02ZQ01018,15-DEC-2025,Nifty Microcap 250
COSMOFIRST,COSMO FIRST LIMITED,Micro Cap,Others / Diversified,INE757A01017,25-MAY-1995,EQUITY_L (beyond Nifty 500)
COUNCODOS,Country Condo's Limited,Micro Cap,Others / Diversified,INE695B01025,22-JAN-2009,EQUITY_L (beyond Nifty 500)
CPCAP,CP Capital Limited,Micro Cap,Financial Services,INE521J01018,06-OCT-2010,EQUITY_L (beyond Nifty 500)
CPEDU,Career Point Edutech Limited,Micro Cap,Information Technology,INE0P6P01016,05-SEP-2025,EQUITY_L (beyond Nifty 500)
CRAMC,Canara Robeco Asset Management Company Limited,Micro Cap,Financial Services,INE218I01013,16-OCT-2025,Nifty Microcap 250
CREATIVEYE,Creative Eye Limited,Micro Cap,Others / Diversified,INE230B01021,20-DEC-2000,EQUITY_L (beyond Nifty 500)
CREST,Crest Ventures Limited,Micro Cap,Financial Services,INE559D01011,27-DEC-2006,EQUITY_L (beyond Nifty 500)
CRIZAC,Crizac Limited,Micro Cap,Consumer Services,INE0S4R01014,09-JUL-2025,Nifty Microcap 250
CROWN,Crown Lifters Limited,Micro Cap,Others / Diversified,INE491V01019,08-FEB-2022,EQUITY_L (beyond Nifty 500)
CSBBANK,CSB Bank Limited,Micro Cap,Financial Services,INE679A01013,04-DEC-2019,Nifty Microcap 250
CSLFINANCE,CSL Finance Limited,Micro Cap,Financial Services,INE718F01018,21-JUL-2022,EQUITY_L (beyond Nifty 500)
CTE,Cambridge Technology Enterprises Limited,Micro Cap,Information Technology,INE627H01017,07-FEB-2007,EQUITY_L (beyond Nifty 500)
CUBEXTUB,Cubex Tubings Limited,Micro Cap,Others / Diversified,INE144D01012,24-APR-1996,EQUITY_L (beyond Nifty 500)
CUPID,Cupid Limited,Micro Cap,Fast Moving Consumer Goods,INE509F01029,16-SEP-2016,Nifty Microcap 250
CURAA,Cura Technologies Limited,Micro Cap,Information Technology,INE117B01020,21-MAR-2025,EQUITY_L (beyond Nifty 500)
CYBERMEDIA,Cyber Media (India) Limited,Micro Cap,Information Technology,INE278G01037,10-JUN-2005,EQUITY_L (beyond Nifty 500)
CYBERTECH,Cybertech Systems And Software Limited,Micro Cap,Information Technology,INE214A01019,27-JAN-1999,EQUITY_L (beyond Nifty 500)
CYIENTDLM,Cyient DLM Limited,Micro Cap,Others / Diversified,INE055S01018,10-JUL-2023,EQUITY_L (beyond Nifty 500)
DAICHI,Dai-Ichi Karkaria Limited,Micro Cap,Others / Diversified,INE928C01010,20-APR-2026,EQUITY_L (beyond Nifty 500)
DALMIASUG,Dalmia Bharat Sugar and Industries Limited,Micro Cap,FMCG & Consumer Goods,INE495A01022,17-JAN-1996,EQUITY_L (beyond Nifty 500)
DAMCAPITAL,Dam Capital Advisors Limited,Micro Cap,Financial Services,INE284H01025,27-DEC-2024,EQUITY_L (beyond Nifty 500)
DAMODARIND,Damodar Industries Limited,Micro Cap,Construction & Infrastructure,INE497D01022,04-JUL-2016,EQUITY_L (beyond Nifty 500)
DANGEE,Dangee Dums Limited,Micro Cap,Others / Diversified,INE688Y01022,13-NOV-2020,EQUITY_L (beyond Nifty 500)
DATAMATICS,Datamatics Global Services Limited,Micro Cap,Information Technology,INE365B01017,07-MAY-2004,Nifty Microcap 250
DAVANGERE,Davangere Sugar Company Limited,Micro Cap,FMCG & Consumer Goods,INE179G01029,25-JAN-2024,EQUITY_L (beyond Nifty 500)
DBCORP,D.B.Corp Limited,Micro Cap,Media Entertainment & Publication,INE950I01011,06-JAN-2010,EQUITY_L (beyond Nifty 500)
DBEIL,Deepak Builders & Engineers India Limited,Micro Cap,Capital Goods & Engineering,INE0OPA01019,28-OCT-2024,EQUITY_L (beyond Nifty 500)
DBL,Dilip Buildcon Limited,Micro Cap,Construction,INE917M01012,11-AUG-2016,Nifty Microcap 250
DBOL,Dhampur Bio Organics Limited,Micro Cap,Others / Diversified,INE0I3401014,08-SEP-2022,EQUITY_L (beyond Nifty 500)
DBREALTY,Valor Estate Limited,Micro Cap,Realty,INE879I01012,24-FEB-2010,Nifty Microcap 250
DBSTOCKBRO,DB (International) Stock Brokers Limited,Micro Cap,Others / Diversified,INE921B01025,29-FEB-2012,EQUITY_L (beyond Nifty 500)
DCAL,Dishman Carbogen Amcis Limited,Micro Cap,Automobile & Auto Components,INE385W01011,21-SEP-2017,EQUITY_L (beyond Nifty 500)
DCBBANK,DCB Bank Limited,Micro Cap,Financial Services,INE503A01015,27-OCT-2006,Nifty Microcap 250
DCI,Dc Infotech And Communication Limited,Micro Cap,Information Technology,INE0A1101019,19-OCT-2022,EQUITY_L (beyond Nifty 500)
DCM,DCM  Limited,Micro Cap,Others / Diversified,INE498A01018,29-MAR-1995,EQUITY_L (beyond Nifty 500)
DCMFINSERV,DCM Financial Services Limited,Micro Cap,Financial Services,INE891B01012,21-MAY-1997,EQUITY_L (beyond Nifty 500)
DCMNVL,DCM Nouvelle Limited,Micro Cap,Others / Diversified,INE08KP01019,16-JUL-2019,EQUITY_L (beyond Nifty 500)
DCMSIL,DCM Shriram International Limited,Micro Cap,Others / Diversified,INE0OU201013,17-FEB-2026,EQUITY_L (beyond Nifty 500)
DCMSRIND,DCM Shriram Industries Limited,Micro Cap,Others / Diversified,INE843D01027,24-DEC-2021,EQUITY_L (beyond Nifty 500)
DCW,DCW Limited,Micro Cap,Others / Diversified,INE500A01029,25-MAY-1995,EQUITY_L (beyond Nifty 500)
DCXINDIA,DCX Systems Limited,Micro Cap,Information Technology,INE0KL801015,11-NOV-2022,EQUITY_L (beyond Nifty 500)
DDEVPLSTIK,Ddev Plastiks Industries Limited,Micro Cap,Others / Diversified,INE0HR601026,15-JAN-2025,EQUITY_L (beyond Nifty 500)
DECCANCE,Deccan Cements Limited,Micro Cap,Others / Diversified,INE583C01021,02-AUG-2007,EQUITY_L (beyond Nifty 500)
DECNGOLD,Deccan Gold Mines Limited,Micro Cap,Metals & Mining,INE945F01025,20-APR-2026,EQUITY_L (beyond Nifty 500)
DEEDEV,DEE Development Engineers Limited,Micro Cap,Capital Goods & Engineering,INE841L01016,26-JUN-2024,EQUITY_L (beyond Nifty 500)
DEEPINDS,Deep Industries Limited,Micro Cap,Others / Diversified,INE0FHS01024,27-APR-2021,EQUITY_L (beyond Nifty 500)
DELPHIFX,DELPHI WORLD MONEY LIMITED,Micro Cap,Others / Diversified,INE726L01027,28-JUN-2011,EQUITY_L (beyond Nifty 500)
DELTACORP,Delta Corp Limited,Micro Cap,Others / Diversified,INE124G01033,02-NOV-2007,EQUITY_L (beyond Nifty 500)
DELTAMAGNT,Delta Manufacturing Limited,Micro Cap,Others / Diversified,INE393A01011,18-OCT-1995,EQUITY_L (beyond Nifty 500)
DEN,Den Networks Limited,Micro Cap,Information Technology,INE947J01015,24-NOV-2009,EQUITY_L (beyond Nifty 500)
DENORA,De Nora India Limited,Micro Cap,Others / Diversified,INE244A01016,07-AUG-1997,EQUITY_L (beyond Nifty 500)
DENTA,Denta Water and Infra Solutions Limited,Micro Cap,Construction & Infrastructure,INE0R4L01018,29-JAN-2025,EQUITY_L (beyond Nifty 500)
DEVIT,Dev Information Technology Limited,Micro Cap,Information Technology,INE060X01034,15-FEB-2022,EQUITY_L (beyond Nifty 500)
DEVX,Dev Accelerator Limited,Micro Cap,Others / Diversified,INE0VOV01021,17-SEP-2025,EQUITY_L (beyond Nifty 500)
DGCONTENT,Digicontent Limited,Micro Cap,Others / Diversified,INE03JI01017,18-JUN-2019,EQUITY_L (beyond Nifty 500)
DHAMPURSUG,Dhampur Sugar Mills Limited,Micro Cap,FMCG & Consumer Goods,INE041A01016,29-MAR-1995,EQUITY_L (beyond Nifty 500)
DHANBANK,Dhanlaxmi Bank Limited,Micro Cap,Financial Services - Banks,INE680A01011,01-APR-2004,EQUITY_L (beyond Nifty 500)
DHANUKA,Dhanuka Agritech Limited,Micro Cap,Information Technology,INE435G01025,29-JUN-2011,EQUITY_L (beyond Nifty 500)
DHARAN,DHARAN INFRA-EPC LIMITED,Micro Cap,Construction & Infrastructure,INE278R01034,02-APR-2018,EQUITY_L (beyond Nifty 500)
DHARMAJ,Dharmaj Crop Guard Limited,Micro Cap,Agriculture,INE00OQ01016,08-DEC-2022,EQUITY_L (beyond Nifty 500)
DHRUV,Dhruv Consultancy Services Limited,Micro Cap,Others / Diversified,INE506Z01015,25-NOV-2021,EQUITY_L (beyond Nifty 500)
DHUNINV,Dhunseri Investments Limited,Micro Cap,Financial Services,INE320L01011,18-MAR-2011,EQUITY_L (beyond Nifty 500)
DIACABS,Diamond Power Infrastructure Limited,Micro Cap,Capital Goods,INE989C01038,15-SEP-2023,Nifty Microcap 250
DIAMINESQ,Diamines & Chemicals Limited,Micro Cap,Chemicals,INE591D01014,25-SEP-2023,EQUITY_L (beyond Nifty 500)
DIAMONDYD,Prataap Snacks Limited,Micro Cap,FMCG & Consumer Goods,INE393P01035,05-OCT-2017,EQUITY_L (beyond Nifty 500)
DICIND,DIC India Limited,Micro Cap,Others / Diversified,INE303A01010,30-AUG-1995,EQUITY_L (beyond Nifty 500)
DIFFNKG,Diffusion Engineers Limited,Micro Cap,Capital Goods & Engineering,INE184O01015,04-OCT-2024,EQUITY_L (beyond Nifty 500)
DIGIDRIVE,Digidrive Distributors Limited,Micro Cap,Others / Diversified,INE0PSC01024,10-JAN-2024,EQUITY_L (beyond Nifty 500)
DIGISPICE,DiGiSPICE Technologies Limited,Micro Cap,Information Technology,INE927C01020,27-MAY-2008,EQUITY_L (beyond Nifty 500)
DIGITIDE,Digitide Solutions Limited,Micro Cap,Others / Diversified,INE0U4701011,11-JUN-2025,EQUITY_L (beyond Nifty 500)
DIGJAMLMTD,Digjam Limited,Micro Cap,Others / Diversified,INE731U01028,18-OCT-2021,EQUITY_L (beyond Nifty 500)
DISAQ,Disa India Limited,Micro Cap,Others / Diversified,INE131C01011,20-APR-2026,EQUITY_L (beyond Nifty 500)
DISHTV,Dish TV India Limited,Micro Cap,Others / Diversified,INE836F01026,18-APR-2007,EQUITY_L (beyond Nifty 500)
DIVGIITTS,Divgi Torqtransfer Systems Limited,Micro Cap,Information Technology,INE753U01022,14-MAR-2023,EQUITY_L (beyond Nifty 500)
DJML,DJ Mediaprint & Logistics Limited,Micro Cap,Media & Entertainment,INE0B1K01014,05-DEC-2022,EQUITY_L (beyond Nifty 500)
DLINKINDIA,D-Link (India) Limited,Micro Cap,Others / Diversified,INE250K01012,18-DEC-2009,EQUITY_L (beyond Nifty 500)
DMCC,DMCC SPECIALITY CHEMICALS LIMITED,Micro Cap,Chemicals,INE505A01010,01-DEC-2021,EQUITY_L (beyond Nifty 500)
DNAMEDIA,Diligent Media Corporation Limited,Micro Cap,Media & Entertainment,INE016M01021,11-DEC-2017,EQUITY_L (beyond Nifty 500)
DODLA,Dodla Dairy Limited,Micro Cap,FMCG & Consumer Goods,INE021O01019,28-JUN-2021,EQUITY_L (beyond Nifty 500)
DOLATALGO,Dolat Algotech Limited,Micro Cap,Information Technology,INE966A01022,12-JAN-2024,EQUITY_L (beyond Nifty 500)
DOLLAR,Dollar Industries Limited,Micro Cap,Others / Diversified,INE325C01035,21-APR-2017,EQUITY_L (beyond Nifty 500)
DOLPHIN,Dolphin Offshore Enterprises (India) Limited,Micro Cap,Information Technology,INE920A01037,21-AUG-2023,EQUITY_L (beyond Nifty 500)
DONEAR,Donear Industries Limited,Micro Cap,Others / Diversified,INE668D01028,20-DEC-2006,EQUITY_L (beyond Nifty 500)
DPABHUSHAN,D. P. Abhushan Limited,Micro Cap,Others / Diversified,INE266Y01019,03-NOV-2020,EQUITY_L (beyond Nifty 500)
DPSCLTD,DPSC Limited,Micro Cap,Others / Diversified,INE360C01024,21-APR-2008,EQUITY_L (beyond Nifty 500)
DPWIRES,D P Wires Limited,Micro Cap,Others / Diversified,INE864X01013,17-JAN-2020,EQUITY_L (beyond Nifty 500)
DRAGARWQ,Dr Agarwals Eye Hospital Limited,Micro Cap,Healthcare & Pharma,INE934C01018,20-APR-2026,EQUITY_L (beyond Nifty 500)
DRCSYSTEMS,DRC Systems India Limited,Micro Cap,Information Technology,INE03RS01027,10-MAR-2021,EQUITY_L (beyond Nifty 500)
DREAMFOLKS,Dreamfolks Services Limited,Micro Cap,Others / Diversified,INE0JS101016,06-SEP-2022,EQUITY_L (beyond Nifty 500)
DREDGECORP,Dredging Corporation of India Limited,Micro Cap,Others / Diversified,INE506A01018,15-JAN-2004,EQUITY_L (beyond Nifty 500)
DSFCL,DCM Shriram Fine Chemicals Limited,Micro Cap,Chemicals,INE0OFM01015,17-FEB-2026,EQUITY_L (beyond Nifty 500)
DSSL,Dynacons Systems & Solutions Limited,Micro Cap,Information Technology,INE417B01040,01-DEC-2011,EQUITY_L (beyond Nifty 500)
DTIL,Dhunseri Tea & Industries Limited,Micro Cap,FMCG & Consumer Goods,INE341R01014,20-JAN-2015,EQUITY_L (beyond Nifty 500)
DUCON,Ducon Infratechnologies Limited,Micro Cap,Information Technology,INE741L01018,09-OCT-2012,EQUITY_L (beyond Nifty 500)
DVL,Dhunseri Ventures Limited,Micro Cap,Financial Services,INE477B01010,11-JAN-2008,EQUITY_L (beyond Nifty 500)
DWARKESH,Dwarikesh Sugar Industries Limited,Micro Cap,FMCG & Consumer Goods,INE366A01041,31-DEC-2004,EQUITY_L (beyond Nifty 500)
DYCL,Dynamic Cables Limited,Micro Cap,Capital Goods & Engineering,INE600Y01019,27-JUL-2022,EQUITY_L (beyond Nifty 500)
DYNAMATECH,Dynamatic Technologies Limited,Micro Cap,Capital Goods,INE221B01012,14-SEP-2006,Nifty Microcap 250
DYNPRO,Dynemic Products Limited,Micro Cap,Others / Diversified,INE256H01015,19-JUL-2017,EQUITY_L (beyond Nifty 500)
E2E,E2E Networks Limited,Micro Cap,Information Technology,INE255Z01027,12-APR-2022,EQUITY_L (beyond Nifty 500)
EASEMYTRIP,Easy Trip Planners Limited,Micro Cap,Others / Diversified,INE07O001026,19-MAR-2021,EQUITY_L (beyond Nifty 500)
EASTSILK,Eastern Silk Industries Limited,Micro Cap,Textiles & Apparel,INE962C01035,03-JUL-1996,EQUITY_L (beyond Nifty 500)
EBGNG,GNG Electronics Limited,Micro Cap,Electronics & Components,INE18JU01028,30-JUL-2025,EQUITY_L (beyond Nifty 500)
ECOSMOBLTY,Ecos (India) Mobility & Hospitality Limited,Micro Cap,Healthcare & Pharma,INE06HJ01020,04-SEP-2024,EQUITY_L (beyond Nifty 500)
EDELWEISS,Edelweiss Financial Services Limited,Micro Cap,Financial Services,INE532F01054,12-DEC-2007,Nifty Microcap 250
EFCIL,EFC (I) Limited,Micro Cap,Others / Diversified,INE886D01026,20-AUG-2025,EQUITY_L (beyond Nifty 500)
EIEL,Enviro Infra Engineers Limited,Micro Cap,Utilities,INE0LLY01014,29-NOV-2024,Nifty Microcap 250
EIFFL,Euro India Fresh Foods Limited,Micro Cap,FMCG & Consumer Goods,INE546V01010,12-OCT-2021,EQUITY_L (beyond Nifty 500)
EIHAHOTELS,EIH Associated Hotels Limited,Micro Cap,Retail & Consumer Services,INE276C01014,08-APR-2008,EQUITY_L (beyond Nifty 500)
EIMCOELECO,Eimco Elecon (India) Limited,Micro Cap,Others / Diversified,INE158B01016,17-APR-1996,EQUITY_L (beyond Nifty 500)
EKC,Everest Kanto Cylinder Limited,Micro Cap,Others / Diversified,INE184H01027,15-DEC-2005,EQUITY_L (beyond Nifty 500)
ELANTAS,Elantas Beck India Limited,Micro Cap,Others / Diversified,INE280B01018,20-APR-2026,EQUITY_L (beyond Nifty 500)
ELCIDIN,EL CID Investments Limited,Micro Cap,Financial Services,INE927X01018,20-APR-2026,EQUITY_L (beyond Nifty 500)
ELDEHSG,Eldeco Housing And Industries Limited,Micro Cap,Real Estate,INE668G01021,12-APR-2022,EQUITY_L (beyond Nifty 500)
ELECTCAST,Electrosteel Castings Limited,Micro Cap,Capital Goods,INE086A01029,20-JUN-2003,Nifty Microcap 250
ELECTHERM,Electrotherm (India) Limited,Micro Cap,Others / Diversified,INE822G01016,20-AUG-2007,EQUITY_L (beyond Nifty 500)
ELGIRUBCO,Elgi Rubber Company Limited,Micro Cap,Chemicals,INE819L01012,10-AUG-2011,EQUITY_L (beyond Nifty 500)
ELIN,Elin Electronics Limited,Micro Cap,Electronics & Components,INE050401020,30-DEC-2022,EQUITY_L (beyond Nifty 500)
ELITECON,Elitecon International Limited,Micro Cap,Others / Diversified,INE669R01026,20-APR-2026,EQUITY_L (beyond Nifty 500)
ELLEN,Ellenbarrie Industrial Gases Limited,Micro Cap,Chemicals,INE236E01022,01-JUL-2025,Nifty Microcap 250
ELPROINTL,Elpro International Limited,Micro Cap,Others / Diversified,INE579B01039,20-APR-2026,EQUITY_L (beyond Nifty 500)
EMAMIPAP,Emami Paper Mills Limited,Micro Cap,Paper & Packaging,INE830C01026,30-MAY-2019,EQUITY_L (beyond Nifty 500)
EMAMIREAL,Emami Realty Limited,Micro Cap,Real Estate,INE778K01012,28-JUL-2010,EQUITY_L (beyond Nifty 500)
EMBDL,Embassy Developments Limited,Micro Cap,Realty,INE069I01010,23-MAR-2007,Nifty Microcap 250
EMIL,Electronics Mart India Limited,Micro Cap,Consumer Services,INE02YR01019,17-OCT-2022,Nifty Microcap 250
EMKAY,Emkay Global Financial Services Limited,Micro Cap,Financial Services,INE296H01011,28-APR-2006,EQUITY_L (beyond Nifty 500)
EMMBI,Emmbi Industries Limited,Micro Cap,Others / Diversified,INE753K01015,24-FEB-2010,EQUITY_L (beyond Nifty 500)
EMPOWER,Empower India Limited,Micro Cap,Power & Renewables,INE507F01023,20-APR-2026,EQUITY_L (beyond Nifty 500)
EMSLIMITED,EMS Limited,Micro Cap,Others / Diversified,INE0OV601013,21-SEP-2023,EQUITY_L (beyond Nifty 500)
EMUDHRA,eMudhra Limited,Micro Cap,Others / Diversified,INE01QM01018,01-JUN-2022,EQUITY_L (beyond Nifty 500)
ENERGYDEV,Energy Development Company Limited,Micro Cap,Others / Diversified,INE306C01019,02-NOV-2007,EQUITY_L (beyond Nifty 500)
ENIL,Entertainment Network (India) Limited,Micro Cap,Information Technology,INE265F01028,15-FEB-2006,EQUITY_L (beyond Nifty 500)
ENTERO,Entero Healthcare Solutions Limited,Micro Cap,Consumer Services,INE010601016,16-FEB-2024,Nifty Microcap 250
EPACK,EPACK Durable Limited,Micro Cap,Others / Diversified,INE0G5901015,30-JAN-2024,EQUITY_L (beyond Nifty 500)
EPACKPEB,EPack Prefab Technologies Limited,Micro Cap,Information Technology,INE0MLS01022,01-OCT-2025,EQUITY_L (beyond Nifty 500)
EPIGRAL,Epigral Limited,Micro Cap,Others / Diversified,INE071N01016,18-AUG-2021,EQUITY_L (beyond Nifty 500)
EPL,EPL Limited,Micro Cap,Capital Goods,INE255A01020,11-FEB-2002,Nifty Microcap 250
EQUIPPP,Equippp Social Impact Technologies Limited,Micro Cap,Information Technology,INE217G01035,19-MAY-2021,EQUITY_L (beyond Nifty 500)
EQUITASBNK,Equitas Small Finance Bank Limited,Micro Cap,Financial Services,INE063P01018,02-NOV-2020,Nifty Microcap 250
ESABINDIA,Esab India Limited,Micro Cap,Others / Diversified,INE284A01012,01-NOV-1995,EQUITY_L (beyond Nifty 500)
ESAFSFB,ESAF Small Finance Bank Limited,Micro Cap,Financial Services - Banks,INE818W01011,10-NOV-2023,EQUITY_L (beyond Nifty 500)
ESSARSHPNG,Essar Shipping Limited,Micro Cap,Logistics & Transportation,INE122M01019,15-NOV-2011,EQUITY_L (beyond Nifty 500)
ESSENTIA,Integra Essentia Limited,Micro Cap,Others / Diversified,INE418N01035,20-AUG-2013,EQUITY_L (beyond Nifty 500)
ESTER,Ester Industries Limited,Micro Cap,Others / Diversified,INE778B01029,20-JUN-2011,EQUITY_L (beyond Nifty 500)
ETHOSLTD,Ethos Limited,Micro Cap,Consumer Durables,INE04TZ01018,30-MAY-2022,Nifty Microcap 250
EUREKAFORB,Eureka Forbes Limited,Micro Cap,Consumer Durables,INE0KCE01017,11-SEP-2024,Nifty Microcap 250
EUROBOND,Euro Panel Products Limited,Micro Cap,Others / Diversified,INE505V01016,01-AUG-2025,EQUITY_L (beyond Nifty 500)
EUROPRATIK,Euro Pratik Sales Limited,Micro Cap,Others / Diversified,INE198501012,23-SEP-2025,EQUITY_L (beyond Nifty 500)
EUROTEXIND,Eurotex Industries and Exports Limited,Micro Cap,Logistics & Transportation,INE022C01012,31-JAN-1996,EQUITY_L (beyond Nifty 500)
EVEREADY,Eveready Industries India Limited,Micro Cap,Others / Diversified,INE128A01029,27-APR-2005,EQUITY_L (beyond Nifty 500)
EVERESTIND,Everest Industries Limited,Micro Cap,Others / Diversified,INE295A01018,29-MAR-1995,EQUITY_L (beyond Nifty 500)
EXCELINDUS,Excel Industries Limited,Micro Cap,Others / Diversified,INE369A01029,16-JUN-2004,EQUITY_L (beyond Nifty 500)
EXCELSOFT,Excelsoft Technologies Limited,Micro Cap,Information Technology,INE606N01019,26-NOV-2025,EQUITY_L (beyond Nifty 500)
EXICOM,Exicom Tele-Systems Limited,Micro Cap,Information Technology,INE777F01014,05-MAR-2024,EQUITY_L (beyond Nifty 500)
EXPLEOSOL,Expleo Solutions Limited,Micro Cap,Others / Diversified,INE201K01015,26-OCT-2009,EQUITY_L (beyond Nifty 500)
EXXARO,Exxaro Tiles Limited,Micro Cap,"Glass, Ceramics & Tiles",INE0GFE01026,16-AUG-2021,EQUITY_L (beyond Nifty 500)
FABTECH,Fabtech Technologies Limited,Micro Cap,Information Technology,INE0HF201011,07-OCT-2025,EQUITY_L (beyond Nifty 500)
FAIRCHEMOR,Fairchem Organics Limited,Micro Cap,Others / Diversified,INE0DNW01011,24-DEC-2020,EQUITY_L (beyond Nifty 500)
FAZE3Q,Faze Three Limited,Micro Cap,Others / Diversified,INE963C01033,18-NOV-2022,EQUITY_L (beyond Nifty 500)
FCL,Fineotex Chemical Limited,Micro Cap,Chemicals,INE045J01034,15-JAN-2015,EQUITY_L (beyond Nifty 500)
FCSSOFT,FCS Software Solutions Limited,Micro Cap,Information Technology,INE512B01022,21-SEP-2005,EQUITY_L (beyond Nifty 500)
FDC,FDC Limited,Micro Cap,Others / Diversified,INE258B01022,07-AUG-1997,EQUITY_L (beyond Nifty 500)
FEDDERSHOL,Fedders Holding Limited,Micro Cap,Others / Diversified,INE417D01020,20-APR-2026,EQUITY_L (beyond Nifty 500)
FEDFINA,Fedbank Financial Services Limited,Micro Cap,Financial Services,INE007N01010,30-NOV-2023,Nifty Microcap 250
FEL,Future Enterprises Limited,Micro Cap,Information Technology,INE623B01027,05-NOV-2001,EQUITY_L (beyond Nifty 500)
FELDVR,Future Enterprises Limited,Micro Cap,Information Technology,IN9623B01058,13-FEB-2009,EQUITY_L (beyond Nifty 500)
FERMENTA,Fermenta Biotech Limited,Micro Cap,Information Technology,INE225B01021,20-APR-2026,EQUITY_L (beyond Nifty 500)
FIBERWEB,Fiberweb (India) Limited,Micro Cap,Others / Diversified,INE296C01020,16-FEB-2022,EQUITY_L (beyond Nifty 500)
FIEMIND,Fiem Industries Limited,Micro Cap,Automobile and Auto Components,INE737H01014,19-OCT-2006,Nifty Microcap 250
FILATEX,Filatex India Limited,Micro Cap,Others / Diversified,INE816B01035,29-AUG-2011,EQUITY_L (beyond Nifty 500)
FILATFASH,Filatex Fashions Limited,Micro Cap,Textiles & Apparel,INE185E01021,06-MAY-2024,EQUITY_L (beyond Nifty 500)
FINEORG,Fine Organic Industries Limited,Micro Cap,Others / Diversified,INE686Y01026,02-JUL-2018,EQUITY_L (beyond Nifty 500)
FINKURVE,Finkurve Financial Services Limited,Micro Cap,Financial Services,INE734I01027,01-OCT-2025,EQUITY_L (beyond Nifty 500)
FINOPB,Fino Payments Bank Limited,Micro Cap,Financial Services - Banks,INE02NC01014,12-NOV-2021,EQUITY_L (beyond Nifty 500)
FINPIPE,Finolex Industries Limited,Micro Cap,Capital Goods,INE183A01024,08-FEB-1995,Nifty Microcap 250
FISCHER,Fischer Medical Ventures Limited,Micro Cap,Financial Services,INE771F01041,10-JUL-2025,EQUITY_L (beyond Nifty 500)
FLAIR,Flair Writing Industries Limited,Micro Cap,Metals & Mining,INE00Y201027,01-DEC-2023,EQUITY_L (beyond Nifty 500)
FLEXITUFF,Flexituff Ventures International Limited,Micro Cap,Financial Services,INE060J01017,19-OCT-2011,EQUITY_L (beyond Nifty 500)
FLFL,Future Lifestyle Fashions Limited,Micro Cap,Textiles & Apparel,INE452O01016,01-OCT-2013,EQUITY_L (beyond Nifty 500)
FMGOETZE,Federal-Mogul Goetze (India) Limited.,Micro Cap,Others / Diversified,INE529A01010,08-FEB-1995,EQUITY_L (beyond Nifty 500)
FMNL,Future Market Networks Limited,Micro Cap,Information Technology,INE360L01017,31-DEC-2010,EQUITY_L (beyond Nifty 500)
FOCUS,Focus Lighting and Fixtures Limited,Micro Cap,Metals & Mining,INE593W01028,24-NOV-2021,EQUITY_L (beyond Nifty 500)
FOODSIN,Foods & Inns Limited,Micro Cap,FMCG & Consumer Goods,INE976E01023,16-NOV-2021,EQUITY_L (beyond Nifty 500)
FOSECOIND,Foseco India Limited,Micro Cap,Others / Diversified,INE519A01011,05-MAY-2003,EQUITY_L (beyond Nifty 500)
FRACTAL,Fractal Analytics Limited,Micro Cap,Others / Diversified,INE212S01015,16-FEB-2026,EQUITY_L (beyond Nifty 500)
FRONTSP,Frontier Springs Limited,Micro Cap,Others / Diversified,INE572D01014,20-APR-2026,EQUITY_L (beyond Nifty 500)
FUSION,Fusion Finance Limited,Micro Cap,Financial Services,INE139R01012,15-NOV-2022,EQUITY_L (beyond Nifty 500)
GAEL,Gujarat Ambuja Exports Limited,Micro Cap,Fast Moving Consumer Goods,INE036B01030,11-OCT-2000,Nifty Microcap 250
GALAPREC,Gala Precision Engineering Limited,Micro Cap,Capital Goods & Engineering,INE0RE001014,09-SEP-2024,EQUITY_L (beyond Nifty 500)
GALAXYSURF,Galaxy Surfactants Limited,Micro Cap,Others / Diversified,INE600K01018,08-FEB-2018,EQUITY_L (beyond Nifty 500)
GANDHAR,Gandhar Oil Refinery (India) Limited,Micro Cap,Oil Gas & Energy,INE717W01049,30-NOV-2023,EQUITY_L (beyond Nifty 500)
GANDHITUBE,Gandhi Special Tubes Limited,Micro Cap,Others / Diversified,INE524B01027,31-JAN-2007,EQUITY_L (beyond Nifty 500)
GANECOS,Ganesha Ecosphere Limited,Micro Cap,Others / Diversified,INE845D01014,09-MAR-2015,EQUITY_L (beyond Nifty 500)
GANESHBE,Ganesh Benzoplast Limited,Micro Cap,Others / Diversified,INE388A01029,16-SEP-2021,EQUITY_L (beyond Nifty 500)
GANESHCP,Ganesh Consumer Products Limited,Micro Cap,FMCG & Consumer Goods,INE652V01016,29-SEP-2025,EQUITY_L (beyond Nifty 500)
GANESHHOU,GANESH HOUSING LIMITED,Micro Cap,Real Estate,INE460C01014,02-MAR-2007,EQUITY_L (beyond Nifty 500)
GANGAFORGE,Ganga Forging Limited,Micro Cap,Capital Goods & Engineering,INE691Z01023,06-JUL-2021,EQUITY_L (beyond Nifty 500)
GANGESSECU,Ganges Securities Limited,Micro Cap,Financial Services,INE335W01016,28-JUL-2017,EQUITY_L (beyond Nifty 500)
GARFIBRES,Garware Technical Fibres Limited,Micro Cap,Information Technology,INE276A01018,03-APR-2007,EQUITY_L (beyond Nifty 500)
GARUDA,Garuda Construction and Engineering Limited,Micro Cap,Capital Goods & Engineering,INE0JVO01026,15-OCT-2024,EQUITY_L (beyond Nifty 500)
GATECH,GACM Technologies Limited,Micro Cap,Information Technology,INE224E01028,25-JUL-2016,EQUITY_L (beyond Nifty 500)
GATECHDVR,GACM Technologies Limited,Micro Cap,Information Technology,INE224E01036,10-OCT-2017,EQUITY_L (beyond Nifty 500)
GATEWAY,Gateway Distriparks Limited,Micro Cap,Others / Diversified,INE079J01017,22-MAR-2022,EQUITY_L (beyond Nifty 500)
GAUDIUMIVF,Gaudium IVF and Women Health Limited,Micro Cap,Healthcare & Pharma,INE0P8B01020,27-FEB-2026,EQUITY_L (beyond Nifty 500)
GAYAHWS,Gayatri Highways Limited,Micro Cap,Construction & Infrastructure,INE287Z01012,28-JUN-2018,EQUITY_L (beyond Nifty 500)
GAYAPROJ,Gayatri Projects Limited,Micro Cap,Construction & Infrastructure,INE336H01023,22-AUG-2011,EQUITY_L (beyond Nifty 500)
GCSL,Gretex Corporate Services Limited,Micro Cap,Others / Diversified,INE199P01028,04-SEP-2025,EQUITY_L (beyond Nifty 500)
GEECEE,GeeCee Ventures Limited,Micro Cap,Financial Services,INE916G01016,04-OCT-2006,EQUITY_L (beyond Nifty 500)
GEEKAYWIRE,Geekay Wires Limited,Micro Cap,Others / Diversified,INE669X01032,06-MAR-2020,EQUITY_L (beyond Nifty 500)
GEMAROMA,Gem Aromatics Limited,Micro Cap,Others / Diversified,INE06XZ01023,26-AUG-2025,EQUITY_L (beyond Nifty 500)
GENCON,Generic Engineering Construction and Projects Limited,Micro Cap,Capital Goods & Engineering,INE854S01022,16-FEB-2021,EQUITY_L (beyond Nifty 500)
GENESYS,Genesys International Corporation Limited,Micro Cap,Others / Diversified,INE727B01026,23-JAN-2003,EQUITY_L (beyond Nifty 500)
GENUSPAPER,Genus Paper & Boards Limited,Micro Cap,Paper & Packaging,INE949P01018,16-FEB-2015,EQUITY_L (beyond Nifty 500)
GENUSPOWER,Genus Power Infrastructures Limited,Micro Cap,Power & Renewables,INE955D01029,08-JUL-2005,EQUITY_L (beyond Nifty 500)
GEOJITFSL,Geojit Financial Services Limited,Micro Cap,Financial Services,INE007B01023,01-JUL-2005,EQUITY_L (beyond Nifty 500)
GFLLIMITED,GFL Limited,Micro Cap,Others / Diversified,INE538A01037,25-MAY-1995,EQUITY_L (beyond Nifty 500)
GHCL,GHCL Limited,Micro Cap,Chemicals,INE539A01019,31-JUL-2003,Nifty Microcap 250
GHCLTEXTIL,GHCL Textiles Limited,Micro Cap,Textiles & Apparel,INE0PA801013,12-JUN-2023,EQUITY_L (beyond Nifty 500)
GICHSGFIN,GIC Housing Finance Limited,Micro Cap,Financial Services,INE289B01019,08-MAY-1996,EQUITY_L (beyond Nifty 500)
GICL,Globe International Carriers Limited,Micro Cap,Automobile & Auto Components,INE947T01022,18-FEB-2026,EQUITY_L (beyond Nifty 500)
GILLANDERS,Gillanders Arbuthnot & Company Limited,Micro Cap,Others / Diversified,INE047B01011,14-DEC-2009,EQUITY_L (beyond Nifty 500)
GINNIFILA,Ginni Filaments Limited,Micro Cap,Others / Diversified,INE424C01010,10-MAY-1995,EQUITY_L (beyond Nifty 500)
GIPCL,Gujarat Industries Power Company Limited,Micro Cap,Power & Renewables,INE162A01010,08-FEB-1995,EQUITY_L (beyond Nifty 500)
GKENERGY,GK Energy Limited,Micro Cap,Others / Diversified,INE1AG301022,26-SEP-2025,EQUITY_L (beyond Nifty 500)
GKSL,Gujarat Kidney And Super Speciality Limited,Micro Cap,Others / Diversified,INE0V0W01025,30-DEC-2025,EQUITY_L (beyond Nifty 500)
GKWLIMITED,GKW Limited,Micro Cap,Others / Diversified,INE528A01020,20-JUL-2009,EQUITY_L (beyond Nifty 500)
GLFL,Gujarat Lease Financing Limited,Micro Cap,Others / Diversified,INE540A01017,08-FEB-1995,EQUITY_L (beyond Nifty 500)
GLOBAL,Global Education Limited,Micro Cap,Education,INE291W01037,07-DEC-2020,EQUITY_L (beyond Nifty 500)
GLOBALE,Globale Tessile Limited,Micro Cap,Others / Diversified,INE0URU01010,27-AUG-2024,EQUITY_L (beyond Nifty 500)
GLOBALVECT,Global Vectra Helicorp Limited,Micro Cap,Others / Diversified,INE792H01019,27-OCT-2006,EQUITY_L (beyond Nifty 500)
GLOBE,GLOBE ENTERPRISES (INDIA) LIMITED,Micro Cap,Information Technology,INE581X01021,07-OCT-2020,EQUITY_L (beyond Nifty 500)
GLOBECIVIL,Globe Civil Projects Limited,Micro Cap,Construction & Infrastructure,INE0V3U01015,01-JUL-2025,EQUITY_L (beyond Nifty 500)
GLOBUSSPR,Globus Spirits Limited,Micro Cap,FMCG & Consumer Goods,INE615I01010,23-SEP-2009,EQUITY_L (beyond Nifty 500)
GLOSTERLTD,Gloster Limited,Micro Cap,Others / Diversified,INE350Z01018,26-APR-2024,EQUITY_L (beyond Nifty 500)
GLOTTIS,Glottis Limited,Micro Cap,Media & Entertainment,INE0TQE01026,07-OCT-2025,EQUITY_L (beyond Nifty 500)
GMBREW,GM Breweries Limited,Micro Cap,FMCG & Consumer Goods,INE075D01018,23-AUG-1995,EQUITY_L (beyond Nifty 500)
GMMPFAUDLR,GMM Pfaudler Limited,Micro Cap,Capital Goods,INE541A01023,05-MAR-2018,Nifty Microcap 250
GMRP&UI,GMR Power and Urban Infra Limited,Micro Cap,Power,INE0CU601026,23-MAR-2022,Nifty Microcap 250
GNA,GNA Axles Limited,Micro Cap,Automobile & Auto Components,INE934S01014,26-SEP-2016,EQUITY_L (beyond Nifty 500)
GNFC,Gujarat Narmada Valley Fertilizers and Chemicals Limited,Micro Cap,Chemicals,INE113A01013,17-MAY-1995,Nifty Microcap 250
GNRL,Gujarat Natural Resources Limited,Micro Cap,Others / Diversified,INE207H01018,20-APR-2026,EQUITY_L (beyond Nifty 500)
GOACARBON,Goa Carbon Limited,Micro Cap,Automobile & Auto Components,INE426D01013,05-JUN-2007,EQUITY_L (beyond Nifty 500)
GOCLCORP,GOCL Corporation Limited,Micro Cap,Others / Diversified,INE077F01035,26-JUN-2014,EQUITY_L (beyond Nifty 500)
GOCOLORS,Go Fashion (India) Limited,Micro Cap,Textiles & Apparel,INE0BJS01011,30-NOV-2021,EQUITY_L (beyond Nifty 500)
GODAVARIB,Godavari Biorefineries Limited,Micro Cap,Metals & Mining,INE497S01012,30-OCT-2024,EQUITY_L (beyond Nifty 500)
GODREJAGRO,Godrej Agrovet Limited,Micro Cap,Fast Moving Consumer Goods,INE850D01014,16-OCT-2017,Nifty Microcap 250
GOKEX,Gokaldas Exports Limited,Micro Cap,Textiles,INE887G01027,27-APR-2005,Nifty Microcap 250
GOKUL,Gokul Refoils and Solvent Limited,Micro Cap,Chemicals,INE020J01029,04-JUN-2008,EQUITY_L (beyond Nifty 500)
GOKULAGRO,Gokul Agro Resources Limited,Micro Cap,Fast Moving Consumer Goods,INE314T01033,11-MAR-2016,Nifty Microcap 250
GOLDENTOBC,Golden Tobacco Limited,Micro Cap,Metals & Mining,INE973A01010,08-FEB-1995,EQUITY_L (beyond Nifty 500)
GOLDIAM,Goldiam International Limited,Micro Cap,Metals & Mining,INE025B01025,29-AUG-2005,EQUITY_L (beyond Nifty 500)
GOLDTECH,AION-TECH SOLUTIONS LIMITED,Micro Cap,Information Technology,INE805A01014,11-APR-2001,EQUITY_L (beyond Nifty 500)
GOODLUCK,Goodluck India Limited,Micro Cap,Others / Diversified,INE127I01024,08-JAN-2015,EQUITY_L (beyond Nifty 500)
GOODYEAR,Goodyear India Limited,Micro Cap,Chemicals,INE533A01012,20-APR-2026,EQUITY_L (beyond Nifty 500)
GOPAL,Gopal Snacks Limited,Micro Cap,FMCG & Consumer Goods,INE0L9R01028,14-MAR-2024,EQUITY_L (beyond Nifty 500)
GOYALALUM,Goyal Aluminiums Limited,Micro Cap,Metals & Mining,INE705X01026,04-NOV-2022,EQUITY_L (beyond Nifty 500)
GPPL,Gujarat Pipavav Port Limited,Micro Cap,Services,INE517F01014,09-SEP-2010,Nifty Microcap 250
GPTHEALTH,GPT Healthcare Limited,Micro Cap,Healthcare & Pharma,INE486R01017,29-FEB-2024,EQUITY_L (beyond Nifty 500)
GPTINFRA,GPT Infraprojects Limited,Micro Cap,Construction & Infrastructure,INE390G01014,11-JUL-2016,EQUITY_L (beyond Nifty 500)
GRADIENTE,Gradiente Infotainment Limited,Micro Cap,Others / Diversified,INE361K01017,08-MAY-2026,EQUITY_L (beyond Nifty 500)
GRANDOAK,Grand Oak Canyons Distillery Limited,Micro Cap,FMCG & Consumer Goods,INE926B01016,20-APR-2026,EQUITY_L (beyond Nifty 500)
GRAUWEIL,Grauer & Weil India Limited,Micro Cap,Construction & Infrastructure,INE266D01021,20-APR-2026,EQUITY_L (beyond Nifty 500)
GRAVISSHO,Graviss Hospitality Limited,Micro Cap,Healthcare & Pharma,INE214F01026,20-APR-2026,EQUITY_L (beyond Nifty 500)
GREAVESCOT,Greaves Cotton Limited,Micro Cap,Capital Goods,INE224A01026,09-SEP-2004,Nifty Microcap 250
GREENLAM,Greenlam Industries Limited,Micro Cap,Others / Diversified,INE544R01021,02-MAR-2015,EQUITY_L (beyond Nifty 500)
GREENPANEL,Greenpanel Industries Limited,Micro Cap,Others / Diversified,INE08ZM01014,23-OCT-2019,EQUITY_L (beyond Nifty 500)
GREENPLY,Greenply Industries Limited,Micro Cap,Others / Diversified,INE461C01038,06-MAR-1996,EQUITY_L (beyond Nifty 500)
GREENPOWER,Orient Green Power Company Limited,Micro Cap,Power & Renewables,INE999K01014,08-OCT-2010,EQUITY_L (beyond Nifty 500)
GRINDWELL,Grindwell Norton Limited,Micro Cap,Others / Diversified,INE536A01023,11-SEP-2006,EQUITY_L (beyond Nifty 500)
GRINFRA,G R Infraprojects Limited,Micro Cap,Construction & Infrastructure,INE201P01022,19-JUL-2021,EQUITY_L (beyond Nifty 500)
GRMOVER,GRM Overseas Limited,Micro Cap,Others / Diversified,INE192H01020,07-SEP-2022,EQUITY_L (beyond Nifty 500)
GROBTEA,The Grob Tea Company Limited,Micro Cap,FMCG & Consumer Goods,INE646C01018,14-JUL-2016,EQUITY_L (beyond Nifty 500)
GRPLTD,GRP Limited,Micro Cap,Others / Diversified,INE137I01015,12-FEB-2015,EQUITY_L (beyond Nifty 500)
GRWRHITECH,Garware Hi-Tech Films Limited,Micro Cap,Capital Goods,INE291A01017,03-FEB-2022,Nifty Microcap 250
GSFC,Gujarat State Fertilizers & Chemicals Limited,Micro Cap,Chemicals,INE026A01025,06-SEP-1995,Nifty Microcap 250
GSLSU,Global Surfaces Limited,Micro Cap,Others / Diversified,INE0JSX01015,23-MAR-2023,EQUITY_L (beyond Nifty 500)
GSPCROP,GSP Crop Science Limited,Micro Cap,Agriculture,INE713R01022,24-MAR-2026,EQUITY_L (beyond Nifty 500)
GSS,GSS Infotech Limited,Micro Cap,Information Technology,INE871H01011,07-MAR-2008,EQUITY_L (beyond Nifty 500)
GTECJAINX,G-TEC JAINX EDUCATION LIMITED,Micro Cap,Education,INE586X01012,13-NOV-2020,EQUITY_L (beyond Nifty 500)
GTL,GTL Limited,Micro Cap,Others / Diversified,INE043A01012,29-MAR-1995,EQUITY_L (beyond Nifty 500)
GTLINFRA,GTL Infrastructure Limited,Micro Cap,Construction & Infrastructure,INE221H01019,09-NOV-2006,EQUITY_L (beyond Nifty 500)
GTPL,GTPL Hathway Limited,Micro Cap,Others / Diversified,INE869I01013,04-JUL-2017,EQUITY_L (beyond Nifty 500)
GUFICBIO,Gufic Biosciences Limited,Micro Cap,Others / Diversified,INE742B01025,19-OCT-2004,EQUITY_L (beyond Nifty 500)
GUJALKALI,Gujarat Alkalies and Chemicals Limited,Micro Cap,Chemicals,INE186A01019,07-AUG-1997,EQUITY_L (beyond Nifty 500)
GUJAPOLLO,Gujarat Apollo Industries Limited,Micro Cap,Others / Diversified,INE826C01016,04-JUN-2007,EQUITY_L (beyond Nifty 500)
GUJGASLTD,Gujarat Gas Limited,Micro Cap,Others / Diversified,INE844O01030,15-SEP-2015,EQUITY_L (beyond Nifty 500)
GUJRAFFIA,Gujarat Raffia Industries Limited,Micro Cap,Others / Diversified,INE610B01024,09-OCT-1996,EQUITY_L (beyond Nifty 500)
GUJTHEM,Gujarat Themis Biosyn Limited,Micro Cap,Others / Diversified,INE942C01045,25-FEB-2025,EQUITY_L (beyond Nifty 500)
GULFOILLUB,Gulf Oil Lubricants India Limited,Micro Cap,Oil Gas & Energy,INE635Q01029,31-JUL-2014,EQUITY_L (beyond Nifty 500)
GULFPETRO,GP Petroleums Limited,Micro Cap,Oil Gas & Energy,INE586G01017,24-SEP-2004,EQUITY_L (beyond Nifty 500)
GULPOLY,Gulshan Polyols Limited,Micro Cap,Others / Diversified,INE255D01024,28-JAN-2015,EQUITY_L (beyond Nifty 500)
GVKPIL,GVK Power & Infrastructure Limited,Micro Cap,Power & Renewables,INE251H01024,27-FEB-2006,EQUITY_L (beyond Nifty 500)
GVPIL,GE Power India Limited,Micro Cap,Power & Renewables,INE878A01011,19-APR-2000,EQUITY_L (beyond Nifty 500)
GVPTECH,GVP Infotech Limited,Micro Cap,Information Technology,INE382T01030,06-SEP-2022,EQUITY_L (beyond Nifty 500)
HALDER,Halder Venture Limited,Micro Cap,Financial Services,INE115S01010,19-JAN-2026,EQUITY_L (beyond Nifty 500)
HALDYNGL,Haldyn Glass Limited,Micro Cap,"Glass, Ceramics & Tiles",INE506D01020,20-APR-2026,EQUITY_L (beyond Nifty 500)
HALEOSLABS,HALEOS LABS LIMITED,Micro Cap,Healthcare & Pharma,INE320X01016,17-AUG-2017,EQUITY_L (beyond Nifty 500)
HAPPSTMNDS,Happiest Minds Technologies Limited,Micro Cap,Information Technology,INE419U01012,17-SEP-2020,Nifty Microcap 250
HAPPYFORGE,Happy Forgings Limited,Micro Cap,Capital Goods & Engineering,INE330T01021,27-DEC-2023,EQUITY_L (beyond Nifty 500)
HARDWYN,Hardwyn India Limited,Micro Cap,Others / Diversified,INE626Z01029,12-APR-2022,EQUITY_L (beyond Nifty 500)
HARIOMPIPE,Hariom Pipe Industries Limited,Micro Cap,Others / Diversified,INE00EV01017,13-APR-2022,EQUITY_L (beyond Nifty 500)
HARRMALAYA,Harrisons  Malayalam Limited,Micro Cap,Others / Diversified,INE544A01019,08-FEB-1995,EQUITY_L (beyond Nifty 500)
HARSHA,Harsha Engineers International Limited,Micro Cap,Capital Goods & Engineering,INE0JUS01029,26-SEP-2022,EQUITY_L (beyond Nifty 500)
HATHWAY,Hathway Cable & Datacom Limited,Micro Cap,Media Entertainment & Publication,INE982F01036,25-FEB-2010,EQUITY_L (beyond Nifty 500)
HATSUN,Hatsun Agro Product Limited,Micro Cap,Agriculture,INE473B01035,20-JUN-2014,EQUITY_L (beyond Nifty 500)
HAVISHA,Sri Havisha Hospitality and Infrastructure Limited,Micro Cap,Healthcare & Pharma,INE293B01029,16-FEB-2000,EQUITY_L (beyond Nifty 500)
HAWKINCOOK,Hawkins Cookers Limited,Micro Cap,Others / Diversified,INE979B01015,20-APR-2026,EQUITY_L (beyond Nifty 500)
HBESD,HB Estate Developers Limited,Micro Cap,Others / Diversified,INE640B01021,20-APR-2026,EQUITY_L (beyond Nifty 500)
HBSL,HB Stockholdings Limited,Micro Cap,Others / Diversified,INE550B01022,23-JUL-2018,EQUITY_L (beyond Nifty 500)
HCC,Hindustan Construction Company Limited,Micro Cap,Construction,INE549A01026,01-APR-2003,Nifty Microcap 250
HCG,Healthcare Global Enterprises Limited,Micro Cap,Healthcare,INE075I01017,30-MAR-2016,Nifty Microcap 250
HCL-INSYS,HCL Infosystems Limited,Micro Cap,Information Technology,INE236A01020,01-JAN-1997,EQUITY_L (beyond Nifty 500)
HDIL,Housing Development and Infrastructure Limited,Micro Cap,Construction & Infrastructure,INE191I01012,24-JUL-2007,EQUITY_L (beyond Nifty 500)
HEADSUP,Heads UP Ventures Limited,Micro Cap,Financial Services,INE759V01019,14-DEC-2016,EQUITY_L (beyond Nifty 500)
HEALTHX,Health X Platform Limited,Micro Cap,Healthcare & Pharma,INE019J01013,05-OCT-2010,EQUITY_L (beyond Nifty 500)
HECPROJECT,HEC Infra Projects Limited,Micro Cap,Construction & Infrastructure,INE558R01013,30-DEC-2021,EQUITY_L (beyond Nifty 500)
HEIDELBERG,HeidelbergCement India Limited,Micro Cap,Others / Diversified,INE578A01017,15-MAR-1995,EQUITY_L (beyond Nifty 500)
HEMIPROP,Hemisphere Properties India Limited,Micro Cap,Services,INE0AJG01018,22-OCT-2020,Nifty Microcap 250
HERANBA,Heranba Industries Limited,Micro Cap,Others / Diversified,INE694N01015,05-MAR-2021,EQUITY_L (beyond Nifty 500)
HERITGFOOD,Heritage Foods Limited,Micro Cap,Fast Moving Consumer Goods,INE978A01027,27-NOV-1996,Nifty Microcap 250
HESTERBIO,Hester Biosciences Limited,Micro Cap,Others / Diversified,INE782E01017,13-MAR-2015,EQUITY_L (beyond Nifty 500)
HEXAGON,Hexagon Nutrition Limited,Micro Cap,Others / Diversified,INE0JUI01012,12-JUN-2026,EQUITY_L (beyond Nifty 500)
HEXATRADEX,Hexa Tradex Limited,Micro Cap,Others / Diversified,INE750M01017,20-APR-2012,EQUITY_L (beyond Nifty 500)
HGINFRA,H.G. Infra Engineering Limited,Micro Cap,Construction,INE926X01010,09-MAR-2018,Nifty Microcap 250
HGM,HandsOn Global Management (HGM) Limited,Micro Cap,Others / Diversified,INE596H01014,27-SEP-2006,EQUITY_L (beyond Nifty 500)
HGS,Hinduja Global Solutions Limited,Micro Cap,Others / Diversified,INE170I01016,19-JUN-2007,EQUITY_L (beyond Nifty 500)
HIKAL,Hikal Limited,Micro Cap,Others / Diversified,INE475B01022,14-FEB-2001,EQUITY_L (beyond Nifty 500)
HILINFRA,Highway Infrastructure Limited,Micro Cap,Construction & Infrastructure,INE00RL01028,12-AUG-2025,EQUITY_L (beyond Nifty 500)
HILTON,Hilton Metal Forging Limited,Micro Cap,Capital Goods & Engineering,INE788H01017,24-MAY-2007,EQUITY_L (beyond Nifty 500)
HIMATSEIDE,Himatsingka Seide Limited,Micro Cap,Others / Diversified,INE049A01027,08-FEB-1995,EQUITY_L (beyond Nifty 500)
HINDCOMPOS,Hindustan Composites Limited,Micro Cap,Others / Diversified,INE310C01029,08-MAY-1996,EQUITY_L (beyond Nifty 500)
HINDCON,Hindcon Chemicals Limited,Micro Cap,Chemicals,INE642Y01029,05-JUL-2021,EQUITY_L (beyond Nifty 500)
HINDOILEXP,Hindustan Oil Exploration Company Limited,Micro Cap,Oil Gas & Energy,INE345A01011,23-SEP-2003,EQUITY_L (beyond Nifty 500)
HINDWAREAP,Hindware Home Innovation Limited,Micro Cap,Others / Diversified,INE05AN01011,26-DEC-2019,EQUITY_L (beyond Nifty 500)
HIRECT,Hind Rectifiers Limited,Micro Cap,Others / Diversified,INE835D01023,26-DEC-2006,EQUITY_L (beyond Nifty 500)
HISARMETAL,Hisar Metal Industries Limited,Micro Cap,Metals & Mining,INE598C01011,05-JAN-2017,EQUITY_L (beyond Nifty 500)
HITECH,Hi-Tech Pipes Limited,Micro Cap,Information Technology,INE106T01025,07-MAY-2018,EQUITY_L (beyond Nifty 500)
HITECHCORP,Hitech Corporation Limited,Micro Cap,Information Technology,INE120D01012,20-DEC-2007,EQUITY_L (beyond Nifty 500)
HITECHGEAR,The Hi-Tech Gears Limited,Micro Cap,Information Technology,INE127B01011,21-JAN-2002,EQUITY_L (beyond Nifty 500)
HLEGLAS,HLE Glascoat Limited,Micro Cap,Others / Diversified,INE461D01028,09-FEB-2023,EQUITY_L (beyond Nifty 500)
HLVLTD,HLV LIMITED,Micro Cap,Others / Diversified,INE102A01024,19-JUL-1995,EQUITY_L (beyond Nifty 500)
HMAAGRO,HMA Agro Industries Limited,Micro Cap,Agriculture,INE0ECP01024,04-JUL-2023,EQUITY_L (beyond Nifty 500)
HMT,HMT Limited,Micro Cap,Others / Diversified,INE262A01018,29-AUG-2003,EQUITY_L (beyond Nifty 500)
HMVL,Hindustan Media Ventures Limited,Micro Cap,Financial Services,INE871K01015,21-JUL-2010,EQUITY_L (beyond Nifty 500)
HNDFDS,Hindustan Foods Limited,Micro Cap,FMCG & Consumer Goods,INE254N01026,06-JUN-2023,EQUITY_L (beyond Nifty 500)
HONDAPOWER,Honda India Power Products Limited,Micro Cap,Power & Renewables,INE634A01018,01-APR-2003,EQUITY_L (beyond Nifty 500)
HPAL,HP Adhesives Limited,Micro Cap,Chemicals,INE0GSL01024,27-DEC-2021,EQUITY_L (beyond Nifty 500)
HPIL,Hindprakash Industries Limited,Micro Cap,Others / Diversified,INE05X901010,07-NOV-2022,EQUITY_L (beyond Nifty 500)
HPL,HPL Electric & Power Limited,Micro Cap,Power & Renewables,INE495S01016,04-OCT-2016,EQUITY_L (beyond Nifty 500)
HTMEDIA,HT Media Limited,Micro Cap,Media & Entertainment,INE501G01024,01-SEP-2005,EQUITY_L (beyond Nifty 500)
HUBTOWN,Hubtown Limited,Micro Cap,Others / Diversified,INE703H01016,07-FEB-2007,EQUITY_L (beyond Nifty 500)
HUHTAMAKI,Huhtamaki India Limited,Micro Cap,Others / Diversified,INE275B01026,01-OCT-2004,EQUITY_L (beyond Nifty 500)
HYBRIDFIN,Hybrid Financial Services Limited,Micro Cap,Financial Services,INE965B01022,05-DEC-2022,EQUITY_L (beyond Nifty 500)
IBULLSLTD,Indiabulls Limited,Micro Cap,Others / Diversified,INE126M01010,18-AUG-2011,EQUITY_L (beyond Nifty 500)
ICDSLTD,ICDS Limited,Micro Cap,Others / Diversified,INE613B01010,17-NOV-1999,EQUITY_L (beyond Nifty 500)
ICEMAKE,Ice Make Refrigeration Limited,Micro Cap,Others / Diversified,INE520Y01019,12-OCT-2020,EQUITY_L (beyond Nifty 500)
ICIL,Indo Count Industries Limited,Micro Cap,Textiles,INE483B01026,12-SEP-2005,Nifty Microcap 250
ICRA,ICRA Limited,Micro Cap,Others / Diversified,INE725G01011,13-APR-2007,EQUITY_L (beyond Nifty 500)
IDEAFORGE,Ideaforge Technology Limited,Micro Cap,Information Technology,INE349Y01013,07-JUL-2023,EQUITY_L (beyond Nifty 500)
IFBAGRO,IFB Agro Industries Limited,Micro Cap,Agriculture,INE076C01018,03-APR-1996,EQUITY_L (beyond Nifty 500)
IFBIND,IFB Industries Limited,Micro Cap,Consumer Durables,INE559A01017,29-MAR-1995,Nifty Microcap 250
IFGLEXPOR,IFGL Refractories Limited,Micro Cap,Others / Diversified,INE133Y01011,14-NOV-2017,EQUITY_L (beyond Nifty 500)
IGARASHI,Igarashi Motors India Limited,Micro Cap,Automobile & Auto Components,INE188B01013,09-OCT-2003,EQUITY_L (beyond Nifty 500)
IGCL,Indogulf Cropsciences Limited,Micro Cap,Agriculture,INE05J901018,03-JUL-2025,EQUITY_L (beyond Nifty 500)
IGPL,IG Petrochemicals Limited,Micro Cap,Chemicals,INE204A01010,29-JAN-2007,EQUITY_L (beyond Nifty 500)
IIFLCAPS,IIFL Capital Services Limited,Micro Cap,Financial Services,INE489L01022,20-SEP-2019,Nifty Microcap 250
IITL,Industrial Investment Trust Limited,Micro Cap,Financial Services,INE886A01014,17-AUG-2010,EQUITY_L (beyond Nifty 500)
IKIO,IKIO Technologies Limited,Micro Cap,Information Technology,INE0LOJ01019,16-JUN-2023,EQUITY_L (beyond Nifty 500)
IL&FSENGG,IL&FS Engineering and Construction Company Limited,Micro Cap,Capital Goods & Engineering,INE369I01014,25-OCT-2007,EQUITY_L (beyond Nifty 500)
IL&FSTRANS,IL&FS Transportation Networks Limited,Micro Cap,Information Technology,INE975G01012,30-MAR-2010,EQUITY_L (beyond Nifty 500)
IMAGICAA,Imagicaaworld Entertainment Limited,Micro Cap,Media & Entertainment,INE172N01012,06-APR-2015,EQUITY_L (beyond Nifty 500)
IMFA,Indian Metals & Ferro Alloys Limited,Micro Cap,Metals & Mining,INE919H01018,23-JUL-2010,Nifty Microcap 250
IMPAL,India Motor Parts and Accessories Limited,Micro Cap,Automobile & Auto Components,INE547E01014,07-OCT-2005,EQUITY_L (beyond Nifty 500)
INA,Insolation Energy Limited,Micro Cap,Others / Diversified,INE0LGX01024,09-MAR-2026,EQUITY_L (beyond Nifty 500)
INCREDIBLE,INCREDIBLE INDUSTRIES LIMITED,Micro Cap,FMCG & Consumer Goods,INE452L01012,01-JUL-2016,EQUITY_L (beyond Nifty 500)
INDBANK,Indbank Merchant Banking Services Limited,Micro Cap,Financial Services - Banks,INE841B01017,08-OCT-2008,EQUITY_L (beyond Nifty 500)
INDIAGLYCO,India Glycols Limited,Micro Cap,Fast Moving Consumer Goods,INE560A01023,01-JUL-2005,Nifty Microcap 250
INDIANCARD,Indian Card Clothing Company Limited,Micro Cap,Automobile & Auto Components,INE061A01014,08-JAN-1997,EQUITY_L (beyond Nifty 500)
INDIANHUME,Indian Hume Pipe Company Limited,Micro Cap,Others / Diversified,INE323C01030,30-AUG-1995,EQUITY_L (beyond Nifty 500)
INDIASHLTR,India Shelter Finance Corporation Limited,Micro Cap,Financial Services,INE922K01024,20-DEC-2023,Nifty Microcap 250
INDIGOPNTS,Indigo Paints Limited,Micro Cap,Consumer Durables,INE09VQ01012,02-FEB-2021,Nifty Microcap 250
INDIQUBE,Indiqube Spaces Limited,Micro Cap,Retail & Consumer Services,INE06ST01018,30-JUL-2025,EQUITY_L (beyond Nifty 500)
INDNIPPON,India Nippon Electricals Limited,Micro Cap,Capital Goods & Engineering,INE092B01025,07-MAY-1997,EQUITY_L (beyond Nifty 500)
INDOAMIN,Indo Amines Limited,Micro Cap,Others / Diversified,INE760F01028,29-APR-2022,EQUITY_L (beyond Nifty 500)
INDOBORAX,Indo Borax & Chemicals Limited,Micro Cap,Chemicals,INE803D01021,29-MAR-2022,EQUITY_L (beyond Nifty 500)
INDOCO,Indoco Remedies Limited,Micro Cap,Others / Diversified,INE873D01024,14-JAN-2005,EQUITY_L (beyond Nifty 500)
INDOFARM,Indo Farm Equipment Limited,Micro Cap,Capital Goods & Engineering,INE622H01018,07-JAN-2025,EQUITY_L (beyond Nifty 500)
INDORAMA,Indo Rama Synthetics (India) Limited,Micro Cap,Others / Diversified,INE156A01020,20-JUN-2003,EQUITY_L (beyond Nifty 500)
INDOSTAR,IndoStar Capital Finance Limited,Micro Cap,Financial Services,INE896L01010,21-MAY-2018,EQUITY_L (beyond Nifty 500)
INDOTECH,Indo Tech Transformers Limited,Micro Cap,Information Technology,INE332H01014,16-MAR-2006,EQUITY_L (beyond Nifty 500)
INDOTHAI,Indo Thai Securities Limited,Micro Cap,Financial Services,INE337M01021,02-NOV-2011,EQUITY_L (beyond Nifty 500)
INDOUS,Indo Us Biotech Limited,Micro Cap,Information Technology,INE250Z01010,27-SEP-2024,EQUITY_L (beyond Nifty 500)
INDOWIND,Indowind Energy Limited,Micro Cap,Power & Renewables,INE227G01018,14-SEP-2007,EQUITY_L (beyond Nifty 500)
INDPRUD,Industrial & Prudential Investment Company Limited,Micro Cap,Financial Services,INE620D01011,20-APR-2026,EQUITY_L (beyond Nifty 500)
INDRAMEDCO,Indraprastha Medical Corporation Limited,Micro Cap,Healthcare & Pharma,INE681B01017,17-APR-1997,EQUITY_L (beyond Nifty 500)
INDSWFTLAB,Ind-Swift Laboratories Limited,Micro Cap,Healthcare & Pharma,INE915B01019,02-JUL-1997,EQUITY_L (beyond Nifty 500)
INDTERRAIN,Indian Terrain Fashions Limited,Micro Cap,Textiles & Apparel,INE611L01021,11-MAR-2011,EQUITY_L (beyond Nifty 500)
INFOBEAN,InfoBeans Technologies Limited,Micro Cap,Information Technology,INE344S01016,15-JUL-2019,EQUITY_L (beyond Nifty 500)
INFOMEDIA,Infomedia Press Limited,Micro Cap,Capital Goods & Engineering,INE669A01022,12-OCT-2006,EQUITY_L (beyond Nifty 500)
INGERRAND,Ingersoll Rand (India) Limited,Micro Cap,Others / Diversified,INE177A01018,15-APR-1999,EQUITY_L (beyond Nifty 500)
INNOVACAP,Innova Captab Limited,Micro Cap,Others / Diversified,INE0DUT01020,29-DEC-2023,EQUITY_L (beyond Nifty 500)
INNOVANA,Innovana Thinklabs Limited,Micro Cap,Healthcare & Pharma,INE403Y01018,17-DEC-2024,EQUITY_L (beyond Nifty 500)
INNOVISION,Innovision Limited,Micro Cap,Others / Diversified,INE0ADB01012,23-MAR-2026,EQUITY_L (beyond Nifty 500)
INOXGREEN,Inox Green Energy Services Limited,Micro Cap,Services,INE510W01014,23-NOV-2022,Nifty Microcap 250
INOXINDIA,INOX India Limited,Micro Cap,Capital Goods,INE616N01034,21-DEC-2023,Nifty Microcap 250
INSECTICID,Insecticides (India) Limited,Micro Cap,Chemicals,INE070I01018,30-MAY-2007,EQUITY_L (beyond Nifty 500)
INSPIRISYS,Inspirisys Solutions Limited,Micro Cap,Others / Diversified,INE020G01017,30-OCT-2006,EQUITY_L (beyond Nifty 500)
INTENTECH,Intense Technologies Limited,Micro Cap,Information Technology,INE781A01025,23-MAR-2017,EQUITY_L (beyond Nifty 500)
INTERARCH,Interarch Building Solutions Limited,Micro Cap,Construction & Infrastructure,INE00M901018,26-AUG-2024,EQUITY_L (beyond Nifty 500)
INTLCONV,International Conveyors Limited,Micro Cap,Others / Diversified,INE575C01027,16-SEP-2021,EQUITY_L (beyond Nifty 500)
INVENTURE,Inventure Growth & Securities Limited,Micro Cap,Financial Services,INE878H01024,04-AUG-2011,EQUITY_L (beyond Nifty 500)
INVPRECQ,Investment & Precision Castings Limited,Micro Cap,Financial Services,INE155E01016,20-APR-2026,EQUITY_L (beyond Nifty 500)
IOLCP,IOL Chemicals and Pharmaceuticals Limited,Micro Cap,Healthcare & Pharma,INE485C01029,08-NOV-2010,EQUITY_L (beyond Nifty 500)
IONEXCHANG,ION Exchange (India) Limited,Micro Cap,Utilities,INE570A01022,22-FEB-2022,Nifty Microcap 250
IPL,India Pesticides Limited,Micro Cap,Chemicals,INE0D6701023,05-JUL-2021,EQUITY_L (beyond Nifty 500)
IRIS,IRIS RegTech Solutions Limited,Micro Cap,Information Technology,INE864K01010,08-NOV-2021,EQUITY_L (beyond Nifty 500)
IRISDOREME,Iris Clothings Limited,Micro Cap,Textiles & Apparel,INE01GN01025,22-FEB-2021,EQUITY_L (beyond Nifty 500)
IRMENERGY,IRM Energy Limited,Micro Cap,Others / Diversified,INE07U701015,26-OCT-2023,EQUITY_L (beyond Nifty 500)
ISFT,Intrasoft Technologies Limited,Micro Cap,Information Technology,INE566K01011,12-APR-2010,EQUITY_L (beyond Nifty 500)
ISGEC,Isgec Heavy Engineering Limited,Micro Cap,Capital Goods & Engineering,INE858B01029,05-MAY-2021,EQUITY_L (beyond Nifty 500)
ISHANCH,Ishan Dyes and Chemicals Limited,Micro Cap,Chemicals,INE561M01018,24-MAR-2025,EQUITY_L (beyond Nifty 500)
ITDC,India Tourism Development Corporation Limited,Micro Cap,Retail & Consumer Services,INE353K01014,30-DEC-2016,EQUITY_L (beyond Nifty 500)
IVALUE,Ivalue Infosolutions Limited,Micro Cap,Others / Diversified,INE056801025,25-SEP-2025,EQUITY_L (beyond Nifty 500)
IVC,IL&FS Investment Managers Limited,Micro Cap,Financial Services,INE050B01023,15-SEP-1999,EQUITY_L (beyond Nifty 500)
IVP,IVP Limited,Micro Cap,Others / Diversified,INE043C01018,13-SEP-1995,EQUITY_L (beyond Nifty 500)
IWP,The Indian Wood Products Company Limited,Micro Cap,Others / Diversified,INE586E01020,20-APR-2026,EQUITY_L (beyond Nifty 500)
IXIGO,Le Travenues Technology Limited,Micro Cap,Consumer Services,INE0HV901016,18-JUN-2024,Nifty Microcap 250
IZMO,IZMO Limited,Micro Cap,Others / Diversified,INE848A01014,05-FEB-2007,EQUITY_L (beyond Nifty 500)
JAGRAN,Jagran Prakashan Limited,Micro Cap,Others / Diversified,INE199G01027,22-FEB-2006,EQUITY_L (beyond Nifty 500)
JAGSNPHARM,Jagsonpal Pharmaceuticals Limited,Micro Cap,Healthcare & Pharma,INE048B01035,01-MAR-2000,EQUITY_L (beyond Nifty 500)
JAIBALAJI,Jai Balaji Industries Limited,Micro Cap,Metals & Mining,INE091G01026,09-DEC-2003,Nifty Microcap 250
JAICORPLTD,Jai Corp Limited,Micro Cap,Others / Diversified,INE070D01027,26-NOV-1997,EQUITY_L (beyond Nifty 500)
JAIPURKURT,Nandani Creation Limited,Micro Cap,Others / Diversified,INE696V01013,02-SEP-2021,EQUITY_L (beyond Nifty 500)
JAMNAAUTO,Jamna Auto Industries Limited,Micro Cap,Automobile and Auto Components,INE039C01032,10-DEC-2010,Nifty Microcap 250
JARO,Jaro Institute of Technology Management and Research Limited,Micro Cap,Information Technology,INE00YJ01010,30-SEP-2025,EQUITY_L (beyond Nifty 500)
JASH,Jash Engineering Limited,Micro Cap,Capital Goods & Engineering,INE039O01029,30-OCT-2019,EQUITY_L (beyond Nifty 500)
JAYAGROGN,Jayant Agro Organics Limited,Micro Cap,Agriculture,INE785A01026,17-APR-1996,EQUITY_L (beyond Nifty 500)
JAYBARMARU,Jay Bharat Maruti Limited,Micro Cap,Others / Diversified,INE571B01036,03-JAN-1996,EQUITY_L (beyond Nifty 500)
JAYKAY,Jaykay Enterprises Limited,Micro Cap,Information Technology,INE903A01025,03-DEC-2025,EQUITY_L (beyond Nifty 500)
JAYNECOIND,Jayaswal Neco Industries Limited,Micro Cap,Capital Goods,INE854B01010,10-MAY-1995,Nifty Microcap 250
JAYSREETEA,Jayshree Tea & Industries Limited,Micro Cap,FMCG & Consumer Goods,INE364A01020,15-FEB-1995,EQUITY_L (beyond Nifty 500)
JETFREIGHT,Jet Freight Logistics Limited,Micro Cap,Logistics & Transportation,INE982V01025,21-DEC-2021,EQUITY_L (beyond Nifty 500)
JGCHEM,J.G.Chemicals Limited,Micro Cap,Chemicals,INE0MB501011,13-MAR-2024,EQUITY_L (beyond Nifty 500)
JHS,JHS Svendgaard Laboratories Limited,Micro Cap,Healthcare & Pharma,INE544H01014,21-OCT-2006,EQUITY_L (beyond Nifty 500)
JINDALPHOT,Jindal Photo Limited,Micro Cap,Others / Diversified,INE796G01012,07-APR-2005,EQUITY_L (beyond Nifty 500)
JINDALPOLY,Jindal Poly Films Limited,Micro Cap,Media & Entertainment,INE197D01010,21-JAN-2002,EQUITY_L (beyond Nifty 500)
JINDRILL,Jindal Drilling And Industries Limited,Micro Cap,Others / Diversified,INE742C01031,22-DEC-2006,EQUITY_L (beyond Nifty 500)
JINDWORLD,Jindal Worldwide Limited,Micro Cap,Others / Diversified,INE247D01039,25-NOV-2010,EQUITY_L (beyond Nifty 500)
JISLDVREQS,Jain Irrigation Systems Limited,Micro Cap,Information Technology,IN9175A01010,30-NOV-2011,EQUITY_L (beyond Nifty 500)
JISLJALEQS,Jain Irrigation Systems Limited,Micro Cap,Information Technology,INE175A01038,13-AUG-2001,EQUITY_L (beyond Nifty 500)
JITFINFRA,JITF Infralogistics Limited,Micro Cap,Construction & Infrastructure,INE863T01013,27-FEB-2017,EQUITY_L (beyond Nifty 500)
JKIL,J.Kumar Infraprojects Limited,Micro Cap,Construction & Infrastructure,INE576I01022,12-FEB-2008,EQUITY_L (beyond Nifty 500)
JKIPL,Jinkushal Industries Limited,Micro Cap,Others / Diversified,INE1FF001016,03-OCT-2025,EQUITY_L (beyond Nifty 500)
JKLAKSHMI,JK Lakshmi Cement Limited,Micro Cap,Construction Materials,INE786A01032,19-JUN-2006,Nifty Microcap 250
JKPAPER,JK Paper Limited,Micro Cap,Forest Materials,INE789E01012,16-JUN-2005,Nifty Microcap 250
JLHL,Jupiter Life Line Hospitals Limited,Micro Cap,Healthcare,INE682M01012,18-SEP-2023,Nifty Microcap 250
JMA,Jullundur Motor Agency (Delhi) Limited,Micro Cap,Automobile & Auto Components,INE412C01023,16-MAR-2015,EQUITY_L (beyond Nifty 500)
JNKINDIA,JNK India Limited,Micro Cap,Others / Diversified,INE0OAF01028,30-APR-2024,EQUITY_L (beyond Nifty 500)
JOCIL,Jocil Limited,Micro Cap,Others / Diversified,INE839G01010,08-OCT-2008,EQUITY_L (beyond Nifty 500)
JPOLYINVST,Jindal Poly Investment and Finance Company Limited,Micro Cap,Financial Services,INE147P01019,11-NOV-2013,EQUITY_L (beyond Nifty 500)
JSFB,Jana Small Finance Bank Limited,Micro Cap,Financial Services,INE953L01027,14-FEB-2024,Nifty Microcap 250
JSLL,Jeena Sikho Lifecare Limited,Micro Cap,Consumer Services,INE0J5801029,11-AUG-2025,Nifty Microcap 250
JSWHL,JSW Holdings Limited,Micro Cap,Others / Diversified,INE824G01012,21-JUN-2005,EQUITY_L (beyond Nifty 500)
JTEKTINDIA,Jtekt India Limited,Micro Cap,Others / Diversified,INE643A01035,12-JAN-2004,EQUITY_L (beyond Nifty 500)
JTLIND,JTL INDUSTRIES LIMITED,Micro Cap,Others / Diversified,INE391J01032,12-JUN-2023,EQUITY_L (beyond Nifty 500)
JUBLCPL,Jubilant Agri and Consumer Products Limited,Micro Cap,FMCG & Consumer Goods,INE03CC01015,14-FEB-2025,EQUITY_L (beyond Nifty 500)
JUNIPER,Juniper Hotels Limited,Micro Cap,Retail & Consumer Services,INE696F01016,28-FEB-2024,EQUITY_L (beyond Nifty 500)
JUSTDIAL,Just Dial Limited,Micro Cap,Consumer Services,INE599M01018,05-JUN-2013,Nifty Microcap 250
JYOTHYLAB,Jyothy Labs Limited,Micro Cap,Fast Moving Consumer Goods,INE668F01031,19-DEC-2007,Nifty Microcap 250
JYOTISTRUC,Jyoti Structures Limited,Micro Cap,Others / Diversified,INE197A01024,19-JUL-1995,EQUITY_L (beyond Nifty 500)
KABRAEXTRU,Kabra Extrusion Technik Limited,Micro Cap,Information Technology,INE900B01029,06-SEP-1995,EQUITY_L (beyond Nifty 500)
KAKATCEM,Kakatiya Cement Sugar & Industries Limited,Micro Cap,FMCG & Consumer Goods,INE437B01014,13-DEC-1995,EQUITY_L (beyond Nifty 500)
KALAMANDIR,Sai Silks (Kalamandir) Limited,Micro Cap,Textiles & Apparel,INE438K01021,27-SEP-2023,EQUITY_L (beyond Nifty 500)
KALPATARU,Kalpataru Limited,Micro Cap,Others / Diversified,INE227J01012,01-JUL-2025,EQUITY_L (beyond Nifty 500)
KALYANI,Kalyani Commercials Limited,Micro Cap,Others / Diversified,INE610E01010,13-FEB-2017,EQUITY_L (beyond Nifty 500)
KALYANIFRG,Kalyani Forge Limited,Micro Cap,Others / Diversified,INE314G01014,20-DEC-2007,EQUITY_L (beyond Nifty 500)
KAMAHOLD,Kama Holdings Limited,Micro Cap,Others / Diversified,INE411F01010,20-APR-2026,EQUITY_L (beyond Nifty 500)
KAMATHOTEL,Kamat Hotels (I) Limited,Micro Cap,Retail & Consumer Services,INE967C01018,29-MAY-1996,EQUITY_L (beyond Nifty 500)
KAMDHENU,Kamdhenu Limited,Micro Cap,Others / Diversified,INE390H01020,09-MAY-2006,EQUITY_L (beyond Nifty 500)
KAMOPAINTS,Kamdhenu Ventures Limited,Micro Cap,Financial Services,INE0BTI01037,24-JAN-2023,EQUITY_L (beyond Nifty 500)
KANANIIND,Kanani Industries Limited,Micro Cap,Others / Diversified,INE879E01037,14-DEC-2011,EQUITY_L (beyond Nifty 500)
KANCHI,Kanchi Karpooram Limited,Micro Cap,Others / Diversified,INE081G01019,20-APR-2026,EQUITY_L (beyond Nifty 500)
KANORICHEM,Kanoria Chemicals & Industries Limited,Micro Cap,Chemicals,INE138C01024,08-FEB-1995,EQUITY_L (beyond Nifty 500)
KANPRPLA,Kanpur Plastipack Limited,Micro Cap,Others / Diversified,INE694E01014,01-JAN-2021,EQUITY_L (beyond Nifty 500)
KANSAINER,Kansai Nerolac Paints Limited,Micro Cap,Consumer Durables,INE531A01024,15-SEP-2003,Nifty Microcap 250
KAPSTON,Kapston Services Limited,Micro Cap,Others / Diversified,INE542Z01028,27-MAY-2020,EQUITY_L (beyond Nifty 500)
KARMAENG,Karma Energy Limited,Micro Cap,Others / Diversified,INE725L01011,28-JUN-2011,EQUITY_L (beyond Nifty 500)
KAUSHALYA,Kaushalya Infrastructure Development Corporation Limited,Micro Cap,Construction & Infrastructure,INE234I01028,14-DEC-2007,EQUITY_L (beyond Nifty 500)
KAVDEFENCE,Kavveri Defence & Wireless Technologies Limited,Micro Cap,Information Technology,INE641C01019,29-JAN-2008,EQUITY_L (beyond Nifty 500)
KAYA,Kaya Limited,Micro Cap,Others / Diversified,INE587G01015,14-AUG-2015,EQUITY_L (beyond Nifty 500)
KCP,KCP Limited,Micro Cap,Others / Diversified,INE805C01028,09-APR-1997,EQUITY_L (beyond Nifty 500)
KCPSUGIND,KCP Sugar and Industries Corporation Limited,Micro Cap,FMCG & Consumer Goods,INE790B01024,11-JUN-1997,EQUITY_L (beyond Nifty 500)
KDDL,KDDL Limited,Micro Cap,Others / Diversified,INE291D01011,23-MAR-2016,EQUITY_L (beyond Nifty 500)
KECL,Kirloskar Electric Company Limited,Micro Cap,Power & Renewables,INE134B01017,09-MAR-2010,EQUITY_L (beyond Nifty 500)
KEEPLEARN,DSJ Keep Learning Limited,Micro Cap,Others / Diversified,INE055C01020,01-MAR-1995,EQUITY_L (beyond Nifty 500)
KELLTONTEC,Kellton Tech Solutions Limited,Micro Cap,Information Technology,INE164B01030,02-MAR-2016,EQUITY_L (beyond Nifty 500)
KENNAMET,Kennametal India Limited,Micro Cap,Metals & Mining,INE717A01029,20-APR-2026,EQUITY_L (beyond Nifty 500)
KERNEX,Kernex Microsystems (India) Limited,Micro Cap,Information Technology,INE202H01019,20-DEC-2005,EQUITY_L (beyond Nifty 500)
KESORAMIND,Kesoram Industries Limited,Micro Cap,Others / Diversified,INE087A01019,06-SEP-1995,EQUITY_L (beyond Nifty 500)
KEYFINSERV,Keynote Financial Services Limited,Micro Cap,Financial Services,INE681C01015,26-JUN-1996,EQUITY_L (beyond Nifty 500)
KHADIM,Khadim India Limited,Micro Cap,Others / Diversified,INE834I01025,14-NOV-2017,EQUITY_L (beyond Nifty 500)
KHAICHEM,Khaitan Chemicals & Fertilizers Limited,Micro Cap,Chemicals,INE745B01028,30-OCT-2020,EQUITY_L (beyond Nifty 500)
KHAITANLTD,Khaitan (India) Limited,Micro Cap,Others / Diversified,INE731C01018,20-DEC-1995,EQUITY_L (beyond Nifty 500)
KHANDSE,Khandwala Securities Limited,Micro Cap,Financial Services,INE060B01014,07-FEB-2001,EQUITY_L (beyond Nifty 500)
KICL,Kalyani Investment Company Limited,Micro Cap,Financial Services,INE029L01018,14-JAN-2011,EQUITY_L (beyond Nifty 500)
KILITCH,Kilitch Drugs (India) Limited,Micro Cap,Healthcare & Pharma,INE729D01010,29-SEP-2010,EQUITY_L (beyond Nifty 500)
KINGFA,Kingfa Science & Technology (India) Limited,Micro Cap,Information Technology,INE473D01015,15-NOV-2016,EQUITY_L (beyond Nifty 500)
KIOCL,KIOCL Limited,Micro Cap,Others / Diversified,INE880L01014,29-NOV-2016,EQUITY_L (beyond Nifty 500)
KIRANVYPAR,Kiran Vyapar Limited,Micro Cap,Others / Diversified,INE555P01013,20-APR-2026,EQUITY_L (beyond Nifty 500)
KIRIINDUS,Kiri Industries Limited,Micro Cap,Others / Diversified,INE415I01015,22-APR-2008,EQUITY_L (beyond Nifty 500)
KIRLFER,Kirloskar Ferrous Industries Limited,Micro Cap,Others / Diversified,INE884B01025,20-APR-2026,EQUITY_L (beyond Nifty 500)
KIRLOSBROS,Kirloskar Brothers Limited,Micro Cap,Capital Goods,INE732A01036,20-APR-2010,Nifty Microcap 250
KIRLOSIND,Kirloskar Industries Limited,Micro Cap,Others / Diversified,INE250A01039,24-JUN-2010,EQUITY_L (beyond Nifty 500)
KIRLPNU,Kirloskar Pneumatic Company Limited,Micro Cap,Capital Goods,INE811A01020,26-APR-2023,Nifty Microcap 250
KISSHT,OnEMI Technology Solutions Limited,Micro Cap,Information Technology,INE12F801023,08-MAY-2026,EQUITY_L (beyond Nifty 500)
KITEX,Kitex Garments Limited,Micro Cap,Textiles,INE602G01020,25-SEP-2012,Nifty Microcap 250
KKCL,Kewal Kiran Clothing Limited,Micro Cap,Textiles & Apparel,INE401H01017,13-APR-2006,EQUITY_L (beyond Nifty 500)
KLBRENG-B,Kilburn Engineering Limited,Micro Cap,Capital Goods & Engineering,INE338F01015,20-APR-2026,EQUITY_L (beyond Nifty 500)
KMEW,Knowledge Marine & Engineering Works Limited,Micro Cap,Capital Goods & Engineering,INE0CJD01029,14-NOV-2024,EQUITY_L (beyond Nifty 500)
KMSUGAR,K.M.Sugar Mills Limited,Micro Cap,FMCG & Consumer Goods,INE157H01023,31-MAY-2007,EQUITY_L (beyond Nifty 500)
KNAGRI,KN Agri Resources Limited,Micro Cap,Agriculture,INE0KNW01016,09-DEC-2025,EQUITY_L (beyond Nifty 500)
KNRCON,KNR Constructions Limited,Micro Cap,Construction,INE634I01029,18-FEB-2008,Nifty Microcap 250
KOHINOOR,Kohinoor Foods Limited,Micro Cap,FMCG & Consumer Goods,INE080B01012,20-OCT-1999,EQUITY_L (beyond Nifty 500)
KOKUYOCMLN,Kokuyo Camlin Limited,Micro Cap,Others / Diversified,INE760A01029,28-JUL-2008,EQUITY_L (beyond Nifty 500)
KOLTEPATIL,Kolte - Patil Developers Limited,Micro Cap,Others / Diversified,INE094I01018,13-DEC-2007,EQUITY_L (beyond Nifty 500)
KOPRAN,Kopran Limited,Micro Cap,Others / Diversified,INE082A01010,09-JUN-1999,EQUITY_L (beyond Nifty 500)
KOTARISUG,Kothari Sugars And Chemicals Limited,Micro Cap,Chemicals,INE419A01022,13-DEC-2004,EQUITY_L (beyond Nifty 500)
KOTHARIPET,Kothari Petrochemicals Limited,Micro Cap,Chemicals,INE720A01015,02-NOV-1996,EQUITY_L (beyond Nifty 500)
KOTHARIPRO,Kothari Products Limited,Micro Cap,Others / Diversified,INE823A01017,03-JUN-1998,EQUITY_L (beyond Nifty 500)
KOTIC,Kothari Industrial Corporation Limited,Micro Cap,Others / Diversified,INE972A01020,20-APR-2026,EQUITY_L (beyond Nifty 500)
KOTYARK,Kotyark Industries Limited,Micro Cap,Others / Diversified,INE0J0B01017,12-MAR-2026,EQUITY_L (beyond Nifty 500)
KOVAI,Kovai Medical Center & Hospital Limited,Micro Cap,Healthcare & Pharma,INE177F01017,20-APR-2026,EQUITY_L (beyond Nifty 500)
KPEL,K.P. Energy Limited,Micro Cap,Others / Diversified,INE127T01021,14-NOV-2024,EQUITY_L (beyond Nifty 500)
KPIGREEN,KPI Green Energy Limited,Micro Cap,Power,INE542W01025,27-JUL-2021,Nifty Microcap 250
KPL,Kwality Pharmaceuticals Limited,Micro Cap,Healthcare & Pharma,INE552U01010,20-APR-2026,EQUITY_L (beyond Nifty 500)
KRBL,KRBL Limited,Micro Cap,Fast Moving Consumer Goods,INE001B01026,21-JAN-2002,Nifty Microcap 250
KREBSBIO,Krebs Biochemicals and Industries Limited,Micro Cap,Chemicals,INE268B01013,03-JAN-1996,EQUITY_L (beyond Nifty 500)
KRIDHANINF,Kridhan Infra Limited,Micro Cap,Construction & Infrastructure,INE524L01026,11-DEC-2015,EQUITY_L (beyond Nifty 500)
KRISHANA,Krishana Phoschem Limited,Micro Cap,Others / Diversified,INE506W01012,22-AUG-2019,EQUITY_L (beyond Nifty 500)
KRISHIVAL,Krishival Foods Limited,Micro Cap,FMCG & Consumer Goods,INE0GGO01015,20-JUN-2025,EQUITY_L (beyond Nifty 500)
KRISHNADEF,Krishna Defence And Allied Industries Limited,Micro Cap,Defence & Aerospace,INE0J5601015,30-DEC-2025,EQUITY_L (beyond Nifty 500)
KRITI,Kriti Industries (India) Limited,Micro Cap,Others / Diversified,INE479D01038,01-NOV-2021,EQUITY_L (beyond Nifty 500)
KRITIKA,Kritika Wires Limited,Micro Cap,Others / Diversified,INE00Z501029,04-MAY-2022,EQUITY_L (beyond Nifty 500)
KRITINUT,Kriti Nutrients Limited,Micro Cap,Others / Diversified,INE798K01010,07-OCT-2022,EQUITY_L (beyond Nifty 500)
KRN,KRN Heat Exchanger and Refrigeration Limited,Micro Cap,Capital Goods,INE0Q3J01015,03-OCT-2024,Nifty Microcap 250
KRONOX,Kronox Lab Sciences Limited,Micro Cap,Healthcare & Pharma,INE0ATZ01017,10-JUN-2024,EQUITY_L (beyond Nifty 500)
KROSS,Kross Limited,Micro Cap,Others / Diversified,INE0O6601022,16-SEP-2024,EQUITY_L (beyond Nifty 500)
KRSNAA,Krsnaa Diagnostics Limited,Micro Cap,Healthcare & Pharma,INE08LI01020,16-AUG-2021,EQUITY_L (beyond Nifty 500)
KRYSTAL,Krystal Integrated Services Limited,Micro Cap,Others / Diversified,INE0QN801017,21-MAR-2024,EQUITY_L (beyond Nifty 500)
KSB,Ksb Limited,Micro Cap,Capital Goods,INE999A01023,08-FEB-1995,Nifty Microcap 250
KSCL,Kaveri Seed Company Limited,Micro Cap,Fast Moving Consumer Goods,INE455I01029,04-OCT-2007,Nifty Microcap 250
KSHINTL,KSH International Limited,Micro Cap,Others / Diversified,INE987S01020,23-DEC-2025,EQUITY_L (beyond Nifty 500)
KSHITIJPOL,Kshitij Polyline Limited,Micro Cap,Others / Diversified,INE013801027,27-JUL-2022,EQUITY_L (beyond Nifty 500)
KSL,Kalyani Steels Limited,Micro Cap,Metals & Mining,INE907A01026,19-MAY-2010,EQUITY_L (beyond Nifty 500)
KSOLVES,Ksolves India Limited,Micro Cap,Others / Diversified,INE0D6I01023,23-SEP-2022,EQUITY_L (beyond Nifty 500)
KSR,KSR Footwear Limited,Micro Cap,Others / Diversified,INE1SPP01016,27-NOV-2025,EQUITY_L (beyond Nifty 500)
KTKBANK,The Karnataka Bank Limited,Micro Cap,Financial Services,INE614B01018,10-MAY-2000,Nifty Microcap 250
KUANTUM,Kuantum Papers Limited,Micro Cap,Paper & Packaging,INE529I01021,23-OCT-2019,EQUITY_L (beyond Nifty 500)
KWIL,Kwality Wall's (India) Limited,Micro Cap,Others / Diversified,INE2KCE01013,16-FEB-2026,EQUITY_L (beyond Nifty 500)
LAGNAM,Lagnam Spintex Limited,Micro Cap,Others / Diversified,INE548Z01017,30-SEP-2021,EQUITY_L (beyond Nifty 500)
LAHOTIOV,Lahoti Overseas Limited,Micro Cap,Others / Diversified,INE515C01023,20-APR-2026,EQUITY_L (beyond Nifty 500)
LAKPRE,Lakshmi Precision Screws Limited,Micro Cap,Others / Diversified,INE651C01018,26-SEP-2006,EQUITY_L (beyond Nifty 500)
LAL,Lorenzini Apparels Limited,Micro Cap,Metals & Mining,INE740X01023,10-APR-2023,EQUITY_L (beyond Nifty 500)
LAMBODHARA,Lambodhara Textiles Limited,Micro Cap,Textiles & Apparel,INE112F01022,04-FEB-2015,EQUITY_L (beyond Nifty 500)
LANCORHOL,Lancor Holdings Limited,Micro Cap,Others / Diversified,INE572G01025,12-MAR-2024,EQUITY_L (beyond Nifty 500)
LANDMARK,Landmark Cars Limited,Micro Cap,Automobile & Auto Components,INE559R01029,23-DEC-2022,EQUITY_L (beyond Nifty 500)
LANDSMILL,Landsmill Green Limited,Micro Cap,Others / Diversified,INE688J01023,03-AUG-2009,EQUITY_L (beyond Nifty 500)
LAOPALA,La Opala RG Limited,Micro Cap,Others / Diversified,INE059D01020,16-MAR-2007,EQUITY_L (beyond Nifty 500)
LASA,Lasa Supergenerics Limited,Micro Cap,Others / Diversified,INE670X01014,21-SEP-2017,EQUITY_L (beyond Nifty 500)
LATTEYS,Latteys Industries Limited,Micro Cap,Others / Diversified,INE262Z01023,23-MAY-2023,EQUITY_L (beyond Nifty 500)
LAXMICOT,Laxmi Cotspin Limited,Micro Cap,Others / Diversified,INE801V01019,12-NOV-2021,EQUITY_L (beyond Nifty 500)
LAXMIDENTL,Laxmi Dental Limited,Micro Cap,Healthcare & Pharma,INE0WO601020,20-JAN-2025,EQUITY_L (beyond Nifty 500)
LAXMIINDIA,Laxmi India Finance Limited,Micro Cap,Financial Services,INE06WU01026,05-AUG-2025,EQUITY_L (beyond Nifty 500)
LCCINFOTEC,LCC Infotech Limited,Micro Cap,Information Technology,INE938A01021,02-MAR-2000,EQUITY_L (beyond Nifty 500)
LEMERITE,Le Merite Exports Limited,Micro Cap,Logistics & Transportation,INE0G1L01025,12-DEC-2025,EQUITY_L (beyond Nifty 500)
LEXUS,Lexus Granito (India) Limited,Micro Cap,Others / Diversified,INE500X01013,13-MAR-2023,EQUITY_L (beyond Nifty 500)
LFIC,Lakshmi Finance & Industrial Corporation Limited,Micro Cap,Financial Services,INE850E01012,15-APR-2015,EQUITY_L (beyond Nifty 500)
LGBBROSLTD,LG Balakrishnan & Bros Limited,Micro Cap,Others / Diversified,INE337A01034,30-MAR-2010,EQUITY_L (beyond Nifty 500)
LGHL,Laxmi Goldorna House Limited,Micro Cap,Metals & Mining,INE258Y01016,10-NOV-2023,EQUITY_L (beyond Nifty 500)
LIBAS,Libas Consumer Products Limited,Micro Cap,FMCG & Consumer Goods,INE908V01012,23-JUL-2019,EQUITY_L (beyond Nifty 500)
LIBERTSHOE,Liberty Shoes Limited,Micro Cap,Others / Diversified,INE557B01019,27-SEP-1995,EQUITY_L (beyond Nifty 500)
LIKHITHA,Likhitha Infrastructure Limited,Micro Cap,Construction & Infrastructure,INE060901027,15-OCT-2020,EQUITY_L (beyond Nifty 500)
LINC,Linc Limited,Micro Cap,Others / Diversified,INE802B01027,09-MAR-2015,EQUITY_L (beyond Nifty 500)
LINCOLN,Lincoln Pharmaceuticals Limited,Micro Cap,Healthcare & Pharma,INE405C01035,17-DEC-2015,EQUITY_L (beyond Nifty 500)
LLOYDSENGG,LLOYDS ENGINEERING WORKS LIMITED,Micro Cap,Capital Goods,INE093R01011,18-JUL-2016,Nifty Microcap 250
LLOYDSENT,Lloyds Enterprises Limited,Micro Cap,Metals & Mining,INE080I01025,17-OCT-2024,Nifty Microcap 250
LMW,LMW Limited,Micro Cap,Others / Diversified,INE269B01029,29-MAR-1995,EQUITY_L (beyond Nifty 500)
LOKESHMACH,Lokesh Machines Limited,Micro Cap,Others / Diversified,INE397H01017,05-MAY-2006,EQUITY_L (beyond Nifty 500)
LORDSCHLO,Lords Chloro Alkali Limited,Micro Cap,Others / Diversified,INE846D01012,28-AUG-2023,EQUITY_L (beyond Nifty 500)
LOTUSDEV,Sri Lotus Developers and Realty Limited,Micro Cap,Realty,INE0V9Q01010,06-AUG-2025,Nifty Microcap 250
LOTUSEYE,Lotus Eye Hospital and Institute Limited,Micro Cap,Healthcare & Pharma,INE947I01017,11-JUL-2008,EQUITY_L (beyond Nifty 500)
LOVABLE,Lovable Lingerie Limited,Micro Cap,Others / Diversified,INE597L01014,24-MAR-2011,EQUITY_L (beyond Nifty 500)
LOYALTEX,Loyal Textile Mills Limited,Micro Cap,Textiles & Apparel,INE970D01010,11-AUG-2022,EQUITY_L (beyond Nifty 500)
LPDC,Landmark Property Development Company Limited,Micro Cap,Real Estate,INE197J01017,12-AUG-2008,EQUITY_L (beyond Nifty 500)
LUMAXIND,Lumax Industries Limited,Micro Cap,Others / Diversified,INE162B01018,06-SEP-1995,EQUITY_L (beyond Nifty 500)
LUMAXTECH,Lumax Auto Technologies Limited,Micro Cap,Automobile and Auto Components,INE872H01027,16-JAN-2007,Nifty Microcap 250
LUXIND,Lux Industries Limited,Micro Cap,Others / Diversified,INE150G01020,30-NOV-2015,EQUITY_L (beyond Nifty 500)
LXCHEM,Laxmi Organic Industries Limited,Micro Cap,Chemicals,INE576O01020,25-MAR-2021,Nifty Microcap 250
LYKALABS,Lyka Labs Limited,Micro Cap,Healthcare & Pharma,INE933A01014,08-FEB-1995,EQUITY_L (beyond Nifty 500)
LYPSAGEMS,Lypsa Gems & Jewellery Limited,Micro Cap,Others / Diversified,INE142K01011,05-NOV-2013,EQUITY_L (beyond Nifty 500)
MAANALU,Maan Aluminium Limited,Micro Cap,Metals & Mining,INE215I01027,22-OCT-2007,EQUITY_L (beyond Nifty 500)
MACPOWER,Macpower CNC Machines Limited,Micro Cap,Power & Renewables,INE155Z01011,19-AUG-2020,EQUITY_L (beyond Nifty 500)
MADHAV,Madhav Marbles and Granites Limited,Micro Cap,Others / Diversified,INE925C01016,20-DEC-2007,EQUITY_L (beyond Nifty 500)
MADHAVIPL,Madhav Infra Projects Limited,Micro Cap,Construction & Infrastructure,INE631R01026,20-APR-2026,EQUITY_L (beyond Nifty 500)
MADHUCON,Madhucon Projects Limited,Micro Cap,Construction & Infrastructure,INE378D01032,05-OCT-2006,EQUITY_L (beyond Nifty 500)
MADRASFERT,Madras Fertilizers Limited,Micro Cap,Chemicals,INE414A01015,25-JUL-1997,EQUITY_L (beyond Nifty 500)
MAFATIND,Mafatlal Industries Limited,Micro Cap,Others / Diversified,INE270B01035,20-APR-2026,EQUITY_L (beyond Nifty 500)
MAGADSUGAR,Magadh Sugar & Energy Limited,Micro Cap,FMCG & Consumer Goods,INE347W01011,28-JUL-2017,EQUITY_L (beyond Nifty 500)
MAGNUM,Magnum Ventures Limited,Micro Cap,Financial Services,INE387I01016,20-SEP-2007,EQUITY_L (beyond Nifty 500)
MAHAPEXLTD,Maha Rashtra Apex Corporation Limited,Micro Cap,Others / Diversified,INE843B01013,21-JAN-1998,EQUITY_L (beyond Nifty 500)
MAHASTEEL,Mahamaya Steel Industries Limited,Micro Cap,Metals & Mining,INE451L01014,01-JUL-2016,EQUITY_L (beyond Nifty 500)
MAHEPC,Mahindra EPC Irrigation Limited,Micro Cap,Construction & Infrastructure,INE215D01010,14-FEB-2020,EQUITY_L (beyond Nifty 500)
MAHESHWARI,Maheshwari Logistics Limited,Micro Cap,Logistics & Transportation,INE263W01010,15-APR-2019,EQUITY_L (beyond Nifty 500)
MAHLIFE,Mahindra Lifespace Developers Limited,Micro Cap,Retail & Consumer Services,INE813A01018,10-MAY-2000,EQUITY_L (beyond Nifty 500)
MAHLOG,Mahindra Logistics Limited,Micro Cap,Logistics & Transportation,INE766P01016,10-NOV-2017,EQUITY_L (beyond Nifty 500)
MAHSCOOTER,Maharashtra Scooters Limited,Micro Cap,Financial Services,INE288A01013,08-FEB-1995,Nifty Microcap 250
MAHSEAMLES,Maharashtra Seamless Limited,Micro Cap,Capital Goods,INE271B01025,25-AUG-2004,Nifty Microcap 250
MAITHANALL,Maithan Alloys Limited,Micro Cap,Metals & Mining,INE683C01011,05-JUL-2011,EQUITY_L (beyond Nifty 500)
MAJESAUT,Majestic Auto Limited,Micro Cap,Automobile & Auto Components,INE201B01022,20-APR-2026,EQUITY_L (beyond Nifty 500)
MALLCOM,Mallcom (India) Limited,Micro Cap,Others / Diversified,INE389C01015,02-FEB-2022,EQUITY_L (beyond Nifty 500)
MALUPAPER,Malu Paper Mills Limited,Micro Cap,Paper & Packaging,INE383H01017,05-APR-2006,EQUITY_L (beyond Nifty 500)
MAMATA,Mamata Machinery Limited,Micro Cap,Capital Goods & Engineering,INE0TO701015,27-DEC-2024,EQUITY_L (beyond Nifty 500)
MANAKALUCO,Manaksia Aluminium Company Limited,Micro Cap,Metals & Mining,INE859Q01017,30-MAR-2015,EQUITY_L (beyond Nifty 500)
MANAKCOAT,Manaksia Coated Metals & Industries Limited,Micro Cap,Metals & Mining,INE830Q01018,30-MAR-2015,EQUITY_L (beyond Nifty 500)
MANAKSIA,Manaksia Limited,Micro Cap,Others / Diversified,INE015D01022,08-JAN-2008,EQUITY_L (beyond Nifty 500)
MANAKSTEEL,Manaksia Steels Limited,Micro Cap,Metals & Mining,INE824Q01011,30-MAR-2015,EQUITY_L (beyond Nifty 500)
MANALIPETC,Manali Petrochemicals Limited,Micro Cap,Chemicals,INE201A01024,06-DEC-2006,EQUITY_L (beyond Nifty 500)
MANBA,Manba Finance Limited,Micro Cap,Financial Services,INE939X01013,30-SEP-2024,EQUITY_L (beyond Nifty 500)
MANCREDIT,Mangal Credit and Fincorp Limited,Micro Cap,Financial Services,INE545L01039,16-AUG-2024,EQUITY_L (beyond Nifty 500)
MANGALAM,Mangalam Drugs And Organics Limited,Micro Cap,Healthcare & Pharma,INE584F01014,23-MAY-2005,EQUITY_L (beyond Nifty 500)
MANGLMCEM,Mangalam Cement Limited,Micro Cap,Others / Diversified,INE347A01017,03-JAN-1996,EQUITY_L (beyond Nifty 500)
MANINDS,Man Industries (India) Limited,Micro Cap,Others / Diversified,INE993A01026,24-JUN-2005,EQUITY_L (beyond Nifty 500)
MANINFRA,Man Infraconstruction Limited,Micro Cap,Construction & Infrastructure,INE949H01023,11-MAR-2010,EQUITY_L (beyond Nifty 500)
MANOMAY,Manomay Tex India Limited,Micro Cap,Others / Diversified,INE784W01015,18-JAN-2023,EQUITY_L (beyond Nifty 500)
MANORAMA,Manorama Industries Limited,Micro Cap,Fast Moving Consumer Goods,INE00VM01036,01-JUL-2022,Nifty Microcap 250
MANORG,Mangalam Organics Limited,Micro Cap,Others / Diversified,INE370D01013,02-NOV-2021,EQUITY_L (beyond Nifty 500)
MANUGRAPH,Manugraph India Limited,Micro Cap,Others / Diversified,INE867A01022,14-SEP-2006,EQUITY_L (beyond Nifty 500)
MANYAVAR,Vedant Fashions Limited,Micro Cap,Consumer Services,INE825V01034,16-FEB-2022,Nifty Microcap 250
MARALOVER,Maral Overseas Limited,Micro Cap,Others / Diversified,INE882A01013,08-FEB-1995,EQUITY_L (beyond Nifty 500)
MARATHON,Marathon Nextgen Realty Limited,Micro Cap,Real Estate,INE182D01020,29-SEP-2016,EQUITY_L (beyond Nifty 500)
MARINE,Marine Electricals (India) Limited,Micro Cap,Capital Goods & Engineering,INE01JE01028,02-DEC-2020,EQUITY_L (beyond Nifty 500)
MARKOLINES,Markolines Pavement Technologies Limited,Micro Cap,Information Technology,INE0FW001016,14-OCT-2025,EQUITY_L (beyond Nifty 500)
MARKSANS,Marksans Pharma Limited,Micro Cap,Healthcare,INE750C01026,21-JAN-2002,Nifty Microcap 250
MARSONS,Marsons Limited,Micro Cap,Others / Diversified,INE415B01044,13-MAR-2026,EQUITY_L (beyond Nifty 500)
MASFIN,MAS Financial Services Limited,Micro Cap,Financial Services,INE348L01012,18-OCT-2017,EQUITY_L (beyond Nifty 500)
MASKINVEST,Mask Investments Limited,Micro Cap,Financial Services,INE885F01015,14-OCT-2016,EQUITY_L (beyond Nifty 500)
MASTEK,Mastek Limited,Micro Cap,Information Technology,INE759A01021,10-MAY-1995,Nifty Microcap 250
MASTERTR,Master Trust Limited,Micro Cap,Others / Diversified,INE677D01037,12-NOV-2024,EQUITY_L (beyond Nifty 500)
MATRIMONY,Matrimony.Com Limited,Micro Cap,Others / Diversified,INE866R01028,21-SEP-2017,EQUITY_L (beyond Nifty 500)
MAWANASUG,Mawana Sugars Limited,Micro Cap,FMCG & Consumer Goods,INE636A01039,20-MAR-2009,EQUITY_L (beyond Nifty 500)
MAXESTATES,Max Estates Limited,Micro Cap,Others / Diversified,INE03EI01018,30-OCT-2023,EQUITY_L (beyond Nifty 500)
MAXIND,Max India Limited,Micro Cap,Others / Diversified,INE0CG601016,28-AUG-2020,EQUITY_L (beyond Nifty 500)
MAYURUNIQ,Mayur Uniquoters Ltd,Micro Cap,Others / Diversified,INE040D01038,25-SEP-2012,EQUITY_L (beyond Nifty 500)
MAZDA,Mazda Limited,Micro Cap,Others / Diversified,INE885E01042,01-NOV-2016,EQUITY_L (beyond Nifty 500)
MBAPL,Madhya Bharat Agro Products Limited,Micro Cap,Agriculture,INE900L01010,22-AUG-2019,EQUITY_L (beyond Nifty 500)
MBEL,M & B Engineering Limited,Micro Cap,Capital Goods & Engineering,INE08N601015,06-AUG-2025,EQUITY_L (beyond Nifty 500)
MBLINFRA,MBL Infrastructure Limited,Micro Cap,Construction & Infrastructure,INE912H01013,11-JAN-2010,EQUITY_L (beyond Nifty 500)
MCCHRLS-B,Mac Charles India Limited,Micro Cap,Others / Diversified,INE435D01014,20-APR-2026,EQUITY_L (beyond Nifty 500)
MCL,M TEK COPPER LIMITED,Micro Cap,Metals & Mining,INE813V01022,19-AUG-2020,EQUITY_L (beyond Nifty 500)
MCLEODRUSS,Mcleod Russel India Limited,Micro Cap,Others / Diversified,INE942G01012,29-JUL-2005,EQUITY_L (beyond Nifty 500)
MCLOUD,Magellanic Cloud Limited,Micro Cap,Information Technology,INE613C01026,07-FEB-2025,EQUITY_L (beyond Nifty 500)
MEDIASSIST,Medi Assist Healthcare Services Limited,Micro Cap,Healthcare & Pharma,INE456Z01021,23-JAN-2024,EQUITY_L (beyond Nifty 500)
MEDICAMEQ,Medicamen Biotech Limited,Micro Cap,Information Technology,INE646B01010,27-OCT-2021,EQUITY_L (beyond Nifty 500)
MEDICO,Medico Remedies Limited,Micro Cap,Others / Diversified,INE630Y01024,26-MAY-2022,EQUITY_L (beyond Nifty 500)
MEDPLUS,Medplus Health Services Limited,Micro Cap,Consumer Services,INE804L01022,23-DEC-2021,Nifty Microcap 250
MEGASTAR,Megastar Foods Limited,Micro Cap,FMCG & Consumer Goods,INE00EM01016,16-FEB-2022,EQUITY_L (beyond Nifty 500)
MEIL,Mangal Electrical Industries Limited,Micro Cap,Capital Goods & Engineering,INE0PKD01011,28-AUG-2025,EQUITY_L (beyond Nifty 500)
MENNPIS,Menon Pistons Limited,Micro Cap,Automobile & Auto Components,INE650G01029,20-APR-2026,EQUITY_L (beyond Nifty 500)
MENONBE,Menon Bearings Limited,Micro Cap,Automobile & Auto Components,INE071D01033,09-MAR-2015,EQUITY_L (beyond Nifty 500)
MEP,MEP Infrastructure Developers Limited,Micro Cap,Construction & Infrastructure,INE776I01010,06-MAY-2015,EQUITY_L (beyond Nifty 500)
MERCANTILE,Mercantile Ventures Limited,Micro Cap,Financial Services,INE689O01013,20-APR-2026,EQUITY_L (beyond Nifty 500)
MERCURYEV,Mercury Ev-Tech Limited,Micro Cap,Information Technology,INE763M01028,02-JUN-2026,EQUITY_L (beyond Nifty 500)
METROBRAND,Metro Brands Limited,Micro Cap,Logistics & Transportation,INE317I01021,22-DEC-2021,EQUITY_L (beyond Nifty 500)
METROGLOBL,Metroglobal Limited,Micro Cap,Logistics & Transportation,INE085D01033,20-APR-2026,EQUITY_L (beyond Nifty 500)
METROPOLIS,Metropolis Healthcare Limited,Micro Cap,Healthcare,INE112L01020,15-APR-2019,Nifty Microcap 250
MFML,Mahalaxmi Fabric Mills Limited,Micro Cap,Textiles & Apparel,INE0US801024,27-AUG-2024,EQUITY_L (beyond Nifty 500)
MGEL,Mangalam Global Enterprise Limited,Micro Cap,Information Technology,INE0APB01032,23-DEC-2020,EQUITY_L (beyond Nifty 500)
MHLXMIRU,Mahalaxmi Rubtech Limited,Micro Cap,Information Technology,INE112D01035,27-JAN-2022,EQUITY_L (beyond Nifty 500)
MHRIL,Mahindra Holidays & Resorts India Limited,Micro Cap,Retail & Consumer Services,INE998I01010,16-JUL-2009,EQUITY_L (beyond Nifty 500)
MICEL,MIC Electronics Limited,Micro Cap,Electronics & Components,INE287C01037,17-DEC-2021,EQUITY_L (beyond Nifty 500)
MIDHANI,Mishra Dhatu Nigam Limited,Micro Cap,Capital Goods,INE099Z01011,04-APR-2018,Nifty Microcap 250
MIDWESTLTD,Midwest Limited,Micro Cap,Others / Diversified,INE0XAD01024,24-OCT-2025,EQUITY_L (beyond Nifty 500)
MINDTECK,Mindteck (India) Limited,Micro Cap,Others / Diversified,INE110B01017,02-AUG-2016,EQUITY_L (beyond Nifty 500)
MIRCELECTR,MIRC Electronics Limited,Micro Cap,Electronics & Components,INE831A01028,24-MAY-2004,EQUITY_L (beyond Nifty 500)
MIRZAINT,Mirza International Limited,Micro Cap,Others / Diversified,INE771A01026,28-APR-1999,EQUITY_L (beyond Nifty 500)
MITCON,MITCON Consultancy & Engineering Services Limited,Micro Cap,Capital Goods & Engineering,INE828O01033,17-MAR-2022,EQUITY_L (beyond Nifty 500)
MITTAL,Mittal Life Style Limited,Micro Cap,Others / Diversified,INE997Y01027,29-APR-2020,EQUITY_L (beyond Nifty 500)
MKPL,M K Proteins Limited,Micro Cap,Others / Diversified,INE964W01021,13-JUN-2023,EQUITY_L (beyond Nifty 500)
MMFL,MM Forgings Limited,Micro Cap,Capital Goods & Engineering,INE227C01017,20-DEC-2006,EQUITY_L (beyond Nifty 500)
MMP,MMP Industries Limited,Micro Cap,Others / Diversified,INE511Y01018,09-JAN-2020,EQUITY_L (beyond Nifty 500)
MMWL,Media Matrix Worldwide Limited,Micro Cap,Media & Entertainment,INE200D01020,20-APR-2026,EQUITY_L (beyond Nifty 500)
MOBIKWIK,One Mobikwik Systems Limited,Micro Cap,Information Technology,INE0HLU01028,18-DEC-2024,EQUITY_L (beyond Nifty 500)
MODINATUR,Modi Naturals Limited,Micro Cap,Others / Diversified,INE537F01012,11-DEC-2025,EQUITY_L (beyond Nifty 500)
MODIRUBBER,Modi Rubber Limited,Micro Cap,Chemicals,INE832A01018,07-FEB-1996,EQUITY_L (beyond Nifty 500)
MODIS,Modis Navnirman Limited,Micro Cap,Others / Diversified,INE0L0L01012,14-NOV-2025,EQUITY_L (beyond Nifty 500)
MODISONLTD,MODISON LIMITED,Micro Cap,Others / Diversified,INE737D01021,03-MAY-2021,EQUITY_L (beyond Nifty 500)
MODTHREAD,Modern Threads (India) Limited,Micro Cap,Others / Diversified,INE794W01014,22-NOV-1995,EQUITY_L (beyond Nifty 500)
MOHITIND,Mohit Industries Limited,Micro Cap,Others / Diversified,INE954E01012,14-MAR-2013,EQUITY_L (beyond Nifty 500)
MOIL,MOIL Limited,Micro Cap,Metals & Mining,INE490G01020,15-DEC-2010,Nifty Microcap 250
MOKSH,Moksh Ornaments Limited,Micro Cap,Others / Diversified,INE514Y01020,21-MAY-2021,EQUITY_L (beyond Nifty 500)
MOL,Meghmani Organics Limited,Micro Cap,Others / Diversified,INE0CT101020,18-AUG-2021,EQUITY_L (beyond Nifty 500)
MOLDTECH,Mold-Tek Technologies Limited,Micro Cap,Information Technology,INE835B01035,07-JUL-2016,EQUITY_L (beyond Nifty 500)
MOLDTKPAC,Mold-Tek Packaging Limited,Micro Cap,Paper & Packaging,INE893J01029,23-FEB-2015,EQUITY_L (beyond Nifty 500)
MONARCH,Monarch Networth Capital Limited,Micro Cap,Financial Services,INE903D01011,06-JAN-2022,EQUITY_L (beyond Nifty 500)
MONEYBOXX,Moneyboxx Finance Limited,Micro Cap,Financial Services,INE296Q01012,15-OCT-2025,EQUITY_L (beyond Nifty 500)
MONTECARLO,Monte Carlo Fashions Limited,Micro Cap,Automobile & Auto Components,INE950M01013,19-DEC-2014,EQUITY_L (beyond Nifty 500)
MORARJEE,Morarjee Textiles Limited,Micro Cap,Textiles & Apparel,INE161G01027,14-SEP-2012,EQUITY_L (beyond Nifty 500)
MOREPENLAB,Morepen Laboratories Limited,Micro Cap,Healthcare & Pharma,INE083A01026,24-NOV-1999,EQUITY_L (beyond Nifty 500)
MOSCHIP,Moschip Technologies Limited,Micro Cap,Information Technology,INE935B01025,05-FEB-2025,EQUITY_L (beyond Nifty 500)
MOTISONS,Motisons Jewellers Limited,Micro Cap,Others / Diversified,INE0FRK01020,26-DEC-2023,EQUITY_L (beyond Nifty 500)
MOTOGENFIN,The Motor & General Finance Limited,Micro Cap,Financial Services,INE861B01023,08-FEB-1995,EQUITY_L (beyond Nifty 500)
MPSLTD,MPS Limited,Micro Cap,Others / Diversified,INE943D01017,21-JAN-2002,EQUITY_L (beyond Nifty 500)
MSPL,MSP Steel & Power Limited,Micro Cap,Metals & Mining,INE752G01015,18-JUL-2005,EQUITY_L (beyond Nifty 500)
MSTCLTD,Mstc Limited,Micro Cap,Services,INE255X01014,29-MAR-2019,Nifty Microcap 250
MTARTECH,Mtar Technologies Limited,Micro Cap,Capital Goods,INE864I01014,15-MAR-2021,Nifty Microcap 250
MTEDUCARE,MT Educare Limited,Micro Cap,Automobile & Auto Components,INE472M01018,12-APR-2012,EQUITY_L (beyond Nifty 500)
MTNL,Mahanagar Telephone Nigam Limited,Micro Cap,Telecommunications,INE153A01019,17-FEB-1999,EQUITY_L (beyond Nifty 500)
MUFIN,Mufin Green Finance Limited,Micro Cap,Financial Services,INE08KJ01020,06-NOV-2023,EQUITY_L (beyond Nifty 500)
MUFTI,Credo Brands Marketing Limited,Micro Cap,Metals & Mining,INE220Q01020,27-DEC-2023,EQUITY_L (beyond Nifty 500)
MUKANDLTD,Mukand Limited,Micro Cap,Others / Diversified,INE304A01026,23-FEB-2004,EQUITY_L (beyond Nifty 500)
MUKKA,Mukka Proteins Limited,Micro Cap,Others / Diversified,INE0CG401037,07-MAR-2024,EQUITY_L (beyond Nifty 500)
MUKTAARTS,Mukta Arts Limited,Micro Cap,Others / Diversified,INE374B01019,12-SEP-2000,EQUITY_L (beyond Nifty 500)
MUNJALAU,Munjal Auto Industries Limited,Micro Cap,Automobile & Auto Components,INE672B01032,19-JUL-2006,EQUITY_L (beyond Nifty 500)
MUNJALSHOW,Munjal Showa Limited,Micro Cap,Others / Diversified,INE577A01027,12-MAY-2003,EQUITY_L (beyond Nifty 500)
MURUDCERA,Murudeshwar Ceramics Limited,Micro Cap,"Glass, Ceramics & Tiles",INE692B01014,28-MAY-2004,EQUITY_L (beyond Nifty 500)
MUTHOOTCAP,Muthoot Capital Services Limited,Micro Cap,Financial Services,INE296G01013,24-AUG-2015,EQUITY_L (beyond Nifty 500)
MUTHOOTMF,Muthoot Microfin Limited,Micro Cap,Others / Diversified,INE046W01019,26-DEC-2023,EQUITY_L (beyond Nifty 500)
MVGJL,Manoj Vaibhav Gems N Jewellers Limited,Micro Cap,Others / Diversified,INE0KNT01012,03-OCT-2023,EQUITY_L (beyond Nifty 500)
MWL,Mangalam Worldwide Limited,Micro Cap,Others / Diversified,INE0JYY01011,18-SEP-2025,EQUITY_L (beyond Nifty 500)
NACLIND,NACL Industries Limited,Micro Cap,Others / Diversified,INE295D01020,07-APR-2017,EQUITY_L (beyond Nifty 500)
NAGREEKCAP,Nagreeka Capital & Infrastructure Limited,Micro Cap,Financial Services,INE245I01016,18-SEP-2007,EQUITY_L (beyond Nifty 500)
NAGREEKEXP,Nagreeka Exports Limited,Micro Cap,Logistics & Transportation,INE123B01028,18-JUN-2007,EQUITY_L (beyond Nifty 500)
NAHARCAP,Nahar Capital and Financial Services Limited,Micro Cap,Financial Services,INE049I01012,11-MAR-2008,EQUITY_L (beyond Nifty 500)
NAHARINDUS,Nahar Industrial Enterprises Limited,Micro Cap,Information Technology,INE289A01011,15-DEC-2005,EQUITY_L (beyond Nifty 500)
NAHARPOLY,Nahar Poly Films Limited,Micro Cap,Media & Entertainment,INE308A01027,23-MAR-2007,EQUITY_L (beyond Nifty 500)
NAHARSPING,Nahar Spinning Mills Limited,Micro Cap,Textiles & Apparel,INE290A01027,23-MAR-2007,EQUITY_L (beyond Nifty 500)
NARMADA,Narmada Agrobase Limited,Micro Cap,Agriculture,INE117Z01011,27-OCT-2022,EQUITY_L (beyond Nifty 500)
NATCAPSUQ,Natural Capsules Limited,Micro Cap,Others / Diversified,INE936B01015,14-FEB-2025,EQUITY_L (beyond Nifty 500)
NATHBIOGEN,Nath Bio-Genes (India) Limited,Micro Cap,Others / Diversified,INE448G01010,28-JAN-2014,EQUITY_L (beyond Nifty 500)
NATIONSTD,National Standard (India) Limited,Micro Cap,Others / Diversified,INE166R01015,20-APR-2026,EQUITY_L (beyond Nifty 500)
NAVKARCORP,Navkar Corporation Limited,Micro Cap,Others / Diversified,INE278M01019,09-SEP-2015,EQUITY_L (beyond Nifty 500)
NAVKARURB,Navkar Urbanstructure Limited,Micro Cap,Others / Diversified,INE268H01044,17-JAN-2025,EQUITY_L (beyond Nifty 500)
NAVNETEDUL,Navneet Education Limited,Micro Cap,Education,INE060A01024,08-FEB-1995,EQUITY_L (beyond Nifty 500)
NAZARA,Nazara Technologies Limited,Micro Cap,Media Entertainment & Publication,INE418L01047,30-MAR-2021,Nifty Microcap 250
NBIFIN,N. B. I. Industrial Finance Company Limited,Micro Cap,Financial Services,INE365I01020,23-NOV-2016,EQUITY_L (beyond Nifty 500)
NCLIND,NCL Industries Limited,Micro Cap,Others / Diversified,INE732C01016,03-APR-2007,EQUITY_L (beyond Nifty 500)
NDGL,Naga Dhunseri Group Limited,Micro Cap,Others / Diversified,INE756C01015,29-AUG-2016,EQUITY_L (beyond Nifty 500)
NDL,Nandan Denim Limited,Micro Cap,Textiles & Apparel,INE875G01048,23-MAR-2012,EQUITY_L (beyond Nifty 500)
NDLVENTURE,NDL Ventures Limited,Micro Cap,Financial Services,INE353A01023,24-APR-2007,EQUITY_L (beyond Nifty 500)
NDRAUTO,Ndr Auto Components Limited,Micro Cap,Automobile & Auto Components,INE07OG01012,30-JUL-2020,EQUITY_L (beyond Nifty 500)
NDTV,New Delhi Television Limited,Micro Cap,Media & Entertainment,INE155G01029,19-MAY-2004,EQUITY_L (beyond Nifty 500)
NEAGI,Neelamalai Agro Industries Limited,Micro Cap,Agriculture,INE605D01012,20-APR-2026,EQUITY_L (beyond Nifty 500)
NECCLTD,North Eastern Carrying Corporation Limited,Micro Cap,Automobile & Auto Components,INE553C01016,02-MAR-2016,EQUITY_L (beyond Nifty 500)
NECLIFE,Nectar Lifesciences Limited,Micro Cap,Healthcare & Pharma,INE023H01027,18-JUL-2005,EQUITY_L (beyond Nifty 500)
NELCAST,Nelcast Limited,Micro Cap,Others / Diversified,INE189I01024,27-JUN-2007,EQUITY_L (beyond Nifty 500)
NELCO,NELCO Limited,Micro Cap,Others / Diversified,INE045B01015,28-MAY-2003,EQUITY_L (beyond Nifty 500)
NEOGEN,Neogen Chemicals Limited,Micro Cap,Chemicals,INE136S01016,08-MAY-2019,Nifty Microcap 250
NEPHROPLUS,Nephrocare Health Services Limited,Micro Cap,Healthcare & Pharma,INE428V01029,17-DEC-2025,EQUITY_L (beyond Nifty 500)
NESCO,Nesco Limited,Micro Cap,Services,INE317F01035,08-APR-2008,Nifty Microcap 250
NETWORK18,Network18 Media & Investments Limited,Micro Cap,Media Entertainment & Publication,INE870H01013,02-FEB-2007,Nifty Microcap 250
NEXTMEDIA,Next Mediaworks Limited,Micro Cap,Media & Entertainment,INE747B01016,04-APR-2001,EQUITY_L (beyond Nifty 500)
NFL,National Fertilizers Limited,Micro Cap,Chemicals,INE870D01012,28-DEC-2006,Nifty Microcap 250
NGIL,Nakoda Group of Industries Limited,Micro Cap,Others / Diversified,INE236Y01012,20-AUG-2021,EQUITY_L (beyond Nifty 500)
NGLFINE,NGL Fine-Chem Limited,Micro Cap,Others / Diversified,INE887E01022,08-JUL-2022,EQUITY_L (beyond Nifty 500)
NIBE,NIBE Limited,Micro Cap,Others / Diversified,INE149O01018,07-FEB-2025,EQUITY_L (beyond Nifty 500)
NIBL,NRB Industrial Bearings Limited,Micro Cap,Automobile & Auto Components,INE047O01014,09-APR-2013,EQUITY_L (beyond Nifty 500)
NIITLTD,NIIT Limited,Micro Cap,Others / Diversified,INE161A01038,16-AUG-2004,EQUITY_L (beyond Nifty 500)
NIITMTS,NIIT Learning Systems Limited,Micro Cap,Information Technology,INE342G01023,08-AUG-2023,EQUITY_L (beyond Nifty 500)
NILAINFRA,Nila Infrastructures Limited,Micro Cap,Construction & Infrastructure,INE937C01029,21-MAY-2015,EQUITY_L (beyond Nifty 500)
NILASPACES,Nila Spaces Limited,Micro Cap,Retail & Consumer Services,INE00S901012,28-DEC-2018,EQUITY_L (beyond Nifty 500)
NILE,Nile Limited,Micro Cap,Others / Diversified,INE445D01013,20-APR-2026,EQUITY_L (beyond Nifty 500)
NILKAMAL,Nilkamal Limited,Micro Cap,Others / Diversified,INE310A01015,01-NOV-1995,EQUITY_L (beyond Nifty 500)
NIMBSPROJ,Nimbus Projects Limited,Micro Cap,Construction & Infrastructure,INE875B01015,06-APR-2026,EQUITY_L (beyond Nifty 500)
NINSYS,NINtec Systems Limited,Micro Cap,Information Technology,INE395U01014,21-FEB-2023,EQUITY_L (beyond Nifty 500)
NIPPOBATRY,Indo-National Limited,Micro Cap,Others / Diversified,INE567A01028,06-OCT-1999,EQUITY_L (beyond Nifty 500)
NIRAJ,Niraj Cement Structurals Limited,Micro Cap,Others / Diversified,INE368I01016,01-OCT-2020,EQUITY_L (beyond Nifty 500)
NIRAJISPAT,Niraj Ispat Industries Limited,Micro Cap,Retail & Consumer Services,INE326T01011,27-OCT-2016,EQUITY_L (beyond Nifty 500)
NIRLON,Nirlon Limited,Micro Cap,Others / Diversified,INE910A01012,20-APR-2026,EQUITY_L (beyond Nifty 500)
NITCO,Nitco Limited,Micro Cap,Others / Diversified,INE858F01012,21-MAR-2006,EQUITY_L (beyond Nifty 500)
NITINSPIN,Nitin Spinners Limited,Micro Cap,Metals & Mining,INE229H01012,02-FEB-2006,EQUITY_L (beyond Nifty 500)
NITIRAJ,Nitiraj Engineers Limited,Micro Cap,Capital Goods & Engineering,INE439T01012,22-APR-2021,EQUITY_L (beyond Nifty 500)
NITTAGELA,Nitta Gelatin India Limited,Micro Cap,Metals & Mining,INE265B01019,20-APR-2026,EQUITY_L (beyond Nifty 500)
NKIND,NK Industries Limited,Micro Cap,Others / Diversified,INE542C01019,07-JUL-1995,EQUITY_L (beyond Nifty 500)
NOCIL,NOCIL Limited,Micro Cap,Others / Diversified,INE163A01018,17-JAN-1996,EQUITY_L (beyond Nifty 500)
NOIDATOLL,Noida Toll Bridge Company Limited,Micro Cap,Construction & Infrastructure,INE781B01015,06-DEC-2002,EQUITY_L (beyond Nifty 500)
NORBTEAEXP,Norben Tea & Exports Limited,Micro Cap,FMCG & Consumer Goods,INE369C01017,26-JUN-1996,EQUITY_L (beyond Nifty 500)
NORTHARC,Northern Arc Capital Limited,Micro Cap,Financial Services,INE850M01015,24-SEP-2024,EQUITY_L (beyond Nifty 500)
NOVAAGRI,Nova Agritech Limited,Micro Cap,Information Technology,INE02H701025,31-JAN-2024,EQUITY_L (beyond Nifty 500)
NOVARTIND,Novartis India Limited,Micro Cap,Others / Diversified,INE234A01025,20-APR-2026,EQUITY_L (beyond Nifty 500)
NPST,Network People Services Technologies Limited,Micro Cap,Information Technology,INE0FFK01017,30-APR-2025,EQUITY_L (beyond Nifty 500)
NRAIL,N R Agarwal Industries Limited,Micro Cap,Others / Diversified,INE740D01017,05-APR-2017,EQUITY_L (beyond Nifty 500)
NRBBEARING,NRB Bearing Limited,Micro Cap,Automobile & Auto Components,INE349A01021,08-MAR-2000,EQUITY_L (beyond Nifty 500)
NRL,Nupur Recyclers Limited,Micro Cap,Others / Diversified,INE0JM501013,12-JAN-2023,EQUITY_L (beyond Nifty 500)
NSIL,Nalwa Sons Investments Limited,Micro Cap,Financial Services,INE023A01030,17-NOV-2003,EQUITY_L (beyond Nifty 500)
NUCLEUS,Nucleus Software Exports Limited,Micro Cap,Information Technology,INE096B01018,19-DEC-2002,EQUITY_L (beyond Nifty 500)
NURECA,Nureca Limited,Micro Cap,Others / Diversified,INE0DSF01015,25-FEB-2021,EQUITY_L (beyond Nifty 500)
OAL,Oriental Aromatics Limited,Micro Cap,Others / Diversified,INE959C01023,11-JUL-2019,EQUITY_L (beyond Nifty 500)
OBCL,Orissa Bengal Carrier Limited,Micro Cap,Automobile & Auto Components,INE426Z01016,07-APR-2022,EQUITY_L (beyond Nifty 500)
OCCLLTD,OCCL Limited,Micro Cap,Others / Diversified,INE0PK601023,29-OCT-2024,EQUITY_L (beyond Nifty 500)
ODIGMA,Odigma Consultancy Solutions Limited,Micro Cap,Others / Diversified,INE054301028,12-DEC-2024,EQUITY_L (beyond Nifty 500)
OILCOUNTUB,Oil Country Tubular Limited,Micro Cap,Oil Gas & Energy,INE591A01010,30-AUG-1995,EQUITY_L (beyond Nifty 500)
OMAXAUTO,Omax Autos Limited,Micro Cap,Automobile & Auto Components,INE090B01011,20-FEB-2003,EQUITY_L (beyond Nifty 500)
OMAXE,Omaxe Limited,Micro Cap,Others / Diversified,INE800H01010,09-AUG-2007,EQUITY_L (beyond Nifty 500)
OMFREIGHT,Om Freight Forwarders Limited,Micro Cap,Logistics & Transportation,INE1BZC01019,08-OCT-2025,EQUITY_L (beyond Nifty 500)
OMINFRAL,OM INFRA LIMITED,Micro Cap,Construction & Infrastructure,INE239D01028,17-JUN-2011,EQUITY_L (beyond Nifty 500)
OMNI,Omnitech Engineering Limited,Micro Cap,Information Technology,INE0UH301010,05-MAR-2026,EQUITY_L (beyond Nifty 500)
OMPOWER,Om Power Transmission Limited,Micro Cap,Power & Renewables,INE25E901019,17-APR-2026,EQUITY_L (beyond Nifty 500)
ONELIFECAP,Onelife Capital Advisors Limited,Micro Cap,Financial Services,INE912L01015,17-OCT-2011,EQUITY_L (beyond Nifty 500)
ONEPOINT,One Point One Solutions Limited,Micro Cap,Others / Diversified,INE840Y01029,09-MAY-2019,EQUITY_L (beyond Nifty 500)
ONMOBILE,OnMobile Global Limited,Micro Cap,Others / Diversified,INE809I01019,19-FEB-2008,EQUITY_L (beyond Nifty 500)
ONWARDTEC,Onward Technologies Limited,Micro Cap,Information Technology,INE229A01017,07-MAR-2001,EQUITY_L (beyond Nifty 500)
OPTIEMUS,Optiemus Infracom Limited,Micro Cap,Telecommunication,INE350C01017,08-AUG-2017,Nifty Microcap 250
ORBTEXP,Orbit Exports Limited,Micro Cap,Logistics & Transportation,INE231G01010,05-NOV-2013,EQUITY_L (beyond Nifty 500)
ORCHASP,Orchasp Limited,Micro Cap,Others / Diversified,INE215B01022,07-FEB-2025,EQUITY_L (beyond Nifty 500)
ORCHPHARMA,Orchid Pharma Limited,Micro Cap,Healthcare & Pharma,INE191A01027,02-NOV-2020,EQUITY_L (beyond Nifty 500)
ORICONENT,Oricon Enterprises Limited,Micro Cap,Information Technology,INE730A01022,24-JUL-2015,EQUITY_L (beyond Nifty 500)
ORIENTALTL,Oriental Trimex Limited,Micro Cap,Others / Diversified,INE998H01012,07-MAR-2007,EQUITY_L (beyond Nifty 500)
ORIENTBELL,Orient Bell Limited,Micro Cap,Others / Diversified,INE607D01018,14-FEB-2007,EQUITY_L (beyond Nifty 500)
ORIENTCEM,Orient Cement Limited,Micro Cap,Construction Materials,INE876N01018,12-JUL-2013,Nifty Microcap 250
ORIENTCER,ORIENT CERATECH LIMITED,Micro Cap,Information Technology,INE569C01020,15-DEC-2005,EQUITY_L (beyond Nifty 500)
ORIENTELEC,Orient Electric Limited,Micro Cap,Power & Renewables,INE142Z01019,14-MAY-2018,EQUITY_L (beyond Nifty 500)
ORIENTHOT,Oriental Hotels Limited,Micro Cap,Retail & Consumer Services,INE750A01020,27-AUG-1998,EQUITY_L (beyond Nifty 500)
ORIENTLTD,Orient Press Limited,Micro Cap,Capital Goods & Engineering,INE609C01024,03-MAR-2010,EQUITY_L (beyond Nifty 500)
ORIENTPPR,Orient Paper & Industries Limited,Micro Cap,Paper & Packaging,INE592A01026,29-MAR-1995,EQUITY_L (beyond Nifty 500)
ORIENTTECH,Orient Technologies Limited,Micro Cap,Information Technology,INE0PPK01015,28-AUG-2024,EQUITY_L (beyond Nifty 500)
ORISSAMINE,The Orissa Minerals Development Company Limited,Micro Cap,Metals & Mining,INE725E01024,29-SEP-2010,EQUITY_L (beyond Nifty 500)
ORKLAINDIA,Orkla India Limited,Micro Cap,Fast Moving Consumer Goods,INE16NZ01023,06-NOV-2025,Nifty Microcap 250
ORTEL,Ortel Communications Limited,Micro Cap,Others / Diversified,INE849L01019,19-MAR-2015,EQUITY_L (beyond Nifty 500)
ORTINGLOBE,ORTIN GLOBAL LIMITED,Micro Cap,Metals & Mining,INE749B01020,30-MAR-2021,EQUITY_L (beyond Nifty 500)
OSIAHYPER,Osia Hyper Retail Limited,Micro Cap,Retail & Consumer Services,INE06IR01021,01-DEC-2022,EQUITY_L (beyond Nifty 500)
OSWALAGRO,Oswal Agro Mills Limited,Micro Cap,Agriculture,INE142A01012,29-MAR-1995,EQUITY_L (beyond Nifty 500)
OSWALGREEN,Oswal Greentech Limited,Micro Cap,Information Technology,INE143A01010,28-AUG-1996,EQUITY_L (beyond Nifty 500)
OSWALPUMPS,Oswal Pumps Limited,Micro Cap,Capital Goods,INE0BYP01024,20-JUN-2025,Nifty Microcap 250
OSWALSEEDS,ShreeOswal Seeds And Chemicals Limited,Micro Cap,Chemicals,INE00IK01029,28-FEB-2023,EQUITY_L (beyond Nifty 500)
PACEDIGITK,Pace Digitek Limited,Micro Cap,Others / Diversified,INE0S3G01027,06-OCT-2025,EQUITY_L (beyond Nifty 500)
PAISALO,Paisalo Digital Limited,Micro Cap,Information Technology,INE420C01059,17-OCT-2011,EQUITY_L (beyond Nifty 500)
PAKKA,PAKKA LIMITED,Micro Cap,Others / Diversified,INE551D01018,11-JUL-2023,EQUITY_L (beyond Nifty 500)
PALASHSECU,Palash Securities Limited,Micro Cap,Financial Services,INE471W01019,28-JUL-2017,EQUITY_L (beyond Nifty 500)
PALREDTEC,Palred Technologies Limited,Micro Cap,Information Technology,INE218G01033,09-MAY-2016,EQUITY_L (beyond Nifty 500)
PANACEABIO,Panacea Biotec Limited,Micro Cap,Others / Diversified,INE922B01023,17-APR-1996,EQUITY_L (beyond Nifty 500)
PANACHE,Panache Digilife Limited,Micro Cap,Others / Diversified,INE895W01019,06-JAN-2020,EQUITY_L (beyond Nifty 500)
PANAMAPET,Panama Petrochem Limited,Micro Cap,Chemicals,INE305C01029,30-SEP-2011,EQUITY_L (beyond Nifty 500)
PANSARI,Pansari Developers Limited,Micro Cap,Others / Diversified,INE697V01011,18-OCT-2021,EQUITY_L (beyond Nifty 500)
PAR,Par Drugs And Chemicals Limited,Micro Cap,Healthcare & Pharma,INE04LG01015,16-SEP-2021,EQUITY_L (beyond Nifty 500)
PARACABLES,Paramount Communications Limited,Micro Cap,Others / Diversified,INE074B01023,03-JAN-2007,EQUITY_L (beyond Nifty 500)
PARAGMILK,Parag Milk Foods Limited,Micro Cap,FMCG & Consumer Goods,INE883N01014,19-MAY-2016,EQUITY_L (beyond Nifty 500)
PARAS,Paras Defence and Space Technologies Limited,Micro Cap,Capital Goods,INE045601023,01-OCT-2021,Nifty Microcap 250
PARASPETRO,Paras Petrofils Limited,Micro Cap,Others / Diversified,INE162C01024,14-FEB-1996,EQUITY_L (beyond Nifty 500)
PARKHOSPS,Park Medi World Limited,Micro Cap,Healthcare,INE119201023,17-DEC-2025,Nifty Microcap 250
PARKHOTELS,Apeejay Surrendra Park Hotels Limited,Micro Cap,Retail & Consumer Services,INE988S01028,12-FEB-2024,EQUITY_L (beyond Nifty 500)
PARSVNATH,Parsvnath Developers Limited,Micro Cap,Others / Diversified,INE561H01026,30-NOV-2006,EQUITY_L (beyond Nifty 500)
PASHUPATI,Pashupati Cotspin Limited,Micro Cap,Others / Diversified,INE124Y01028,17-JUL-2025,EQUITY_L (beyond Nifty 500)
PASUPTAC,Pasupati Acrylon Limited,Micro Cap,Others / Diversified,INE818B01023,12-OCT-2021,EQUITY_L (beyond Nifty 500)
PATELENG,Patel Engineering Limited,Micro Cap,Capital Goods & Engineering,INE244B01030,24-FEB-2005,EQUITY_L (beyond Nifty 500)
PATELRMART,Patel Retail Limited,Micro Cap,Retail & Consumer Services,INE0R8B01010,26-AUG-2025,EQUITY_L (beyond Nifty 500)
PATINTLOG,Patel Integrated Logistics Limited,Micro Cap,Logistics & Transportation,INE529D01014,11-JAN-2008,EQUITY_L (beyond Nifty 500)
PAUSHAKLTD,Paushak Limited,Micro Cap,Others / Diversified,INE111F01024,01-DEC-2025,EQUITY_L (beyond Nifty 500)
PAVNAIND,Pavna Industries Limited,Micro Cap,Others / Diversified,INE07S101038,01-JUN-2023,EQUITY_L (beyond Nifty 500)
PCJEWELLER,PC Jeweller Limited,Micro Cap,Consumer Durables,INE785M01021,27-DEC-2012,Nifty Microcap 250
PDMJEPAPER,Pudumjee Paper Products Limited,Micro Cap,Paper & Packaging,INE865T01018,30-MAR-2016,EQUITY_L (beyond Nifty 500)
PDSL,PDS Limited,Micro Cap,Others / Diversified,INE111Q01021,21-OCT-2014,EQUITY_L (beyond Nifty 500)
PEARLPOLY,Pearl Polymers Limited,Micro Cap,Chemicals,INE844A01013,11-OCT-1995,EQUITY_L (beyond Nifty 500)
PENIND,Pennar Industries Limited,Micro Cap,Others / Diversified,INE932A01024,25-NOV-2010,EQUITY_L (beyond Nifty 500)
PENINLAND,Peninsula Land Limited,Micro Cap,Others / Diversified,INE138A01028,08-FEB-1995,EQUITY_L (beyond Nifty 500)
PFOCUS,Prime Focus Limited,Micro Cap,Media Entertainment & Publication,INE367G01038,20-JUN-2006,Nifty Microcap 250
PFS,PTC India Financial Services Limited,Micro Cap,Financial Services,INE560K01014,30-MAR-2011,EQUITY_L (beyond Nifty 500)
PGHH,Procter & Gamble Hygiene and Health Care Limited,Micro Cap,Healthcare & Pharma,INE179A01014,07-JUL-2004,EQUITY_L (beyond Nifty 500)
PGHL,Procter & Gamble Health Limited,Micro Cap,Healthcare & Pharma,INE199A01012,24-APR-1996,EQUITY_L (beyond Nifty 500)
PGIL,Pearl Global Industries Limited,Micro Cap,Textiles,INE940H01022,15-FEB-2007,Nifty Microcap 250
PICCADIL,Piccadily Agro Industries Limited,Micro Cap,Fast Moving Consumer Goods,INE546C01010,02-JUL-2025,Nifty Microcap 250
PIGL,Power & Instrumentation (Gujarat) Limited,Micro Cap,Power & Renewables,INE557Z01018,17-MAY-2023,EQUITY_L (beyond Nifty 500)
PILANIINVS,Pilani Investment and Industries Corporation Limited,Micro Cap,Financial Services,INE417C01014,08-DEC-2015,EQUITY_L (beyond Nifty 500)
PILITA,PIL ITALICA LIFESTYLE LIMITED,Micro Cap,Others / Diversified,INE600A01035,07-OCT-2013,EQUITY_L (beyond Nifty 500)
PIONEEREMB,Pioneer Embroideries Limited,Micro Cap,Others / Diversified,INE156C01018,16-MAY-2006,EQUITY_L (beyond Nifty 500)
PIONRINV,Pioneer Investcorp Limited,Micro Cap,Others / Diversified,INE746D01014,20-APR-2026,EQUITY_L (beyond Nifty 500)
PITTIENG,Pitti Engineering Limited,Micro Cap,Capital Goods & Engineering,INE450D01021,02-FEB-2007,EQUITY_L (beyond Nifty 500)
PIXTRANS,Pix Transmissions Limited,Micro Cap,Others / Diversified,INE751B01018,28-APR-2022,EQUITY_L (beyond Nifty 500)
PKTEA,The Peria Karamalai Tea & Produce Company Limited,Micro Cap,FMCG & Consumer Goods,INE431F01018,19-AUG-2015,EQUITY_L (beyond Nifty 500)
PLASTIBLEN,Plastiblends India Limited,Micro Cap,Others / Diversified,INE083C01022,28-DEC-2006,EQUITY_L (beyond Nifty 500)
PLATIND,Platinum Industries Limited,Micro Cap,Metals & Mining,INE0PT501018,05-MAR-2024,EQUITY_L (beyond Nifty 500)
PLAZACABLE,Plaza Wires Limited,Micro Cap,Others / Diversified,INE0INJ01017,12-OCT-2023,EQUITY_L (beyond Nifty 500)
PML,Paul Merchants Limited,Micro Cap,Others / Diversified,INE291E01019,20-APR-2026,EQUITY_L (beyond Nifty 500)
PNBGILTS,PNB Gilts Limited,Micro Cap,Others / Diversified,INE859A01011,18-SEP-2000,EQUITY_L (beyond Nifty 500)
PNC,Pritish Nandy Communications Limited,Micro Cap,Others / Diversified,INE392B01011,11-DEC-2000,EQUITY_L (beyond Nifty 500)
PNCINFRA,PNC Infratech Limited,Micro Cap,Construction,INE195J01029,26-MAY-2015,Nifty Microcap 250
PNGJL,P N Gadgil Jewellers Limited,Micro Cap,Consumer Durables,INE953R01016,17-SEP-2024,Nifty Microcap 250
PNGSREVA,PNGS Reva Diamond Jewellery Limited,Micro Cap,Others / Diversified,INE1RDG01013,04-MAR-2026,EQUITY_L (beyond Nifty 500)
POCL,Pondy Oxides & Chemicals Limited,Micro Cap,Chemicals,INE063E01053,06-MAR-2023,EQUITY_L (beyond Nifty 500)
PODDARMENT,Poddar Pigments Limited,Micro Cap,Chemicals,INE371C01013,22-NOV-2016,EQUITY_L (beyond Nifty 500)
POKARNA,Pokarna Limited,Micro Cap,Others / Diversified,INE637C01025,07-JUL-2016,EQUITY_L (beyond Nifty 500)
POLYPLEX,Polyplex Corporation Limited,Micro Cap,Others / Diversified,INE633B01018,11-APR-2003,EQUITY_L (beyond Nifty 500)
PONNIERODE,Ponni Sugars (Erode) Limited,Micro Cap,FMCG & Consumer Goods,INE838E01017,16-APR-2002,EQUITY_L (beyond Nifty 500)
POWERICA,Powerica Limited,Micro Cap,Power & Renewables,INE921L01032,02-APR-2026,EQUITY_L (beyond Nifty 500)
POWERMECH,Power Mech Projects Limited,Micro Cap,Construction,INE211R01019,26-AUG-2015,Nifty Microcap 250
PPAP,PPAP Automotive Limited,Micro Cap,Automobile & Auto Components,INE095I01015,11-JAN-2008,EQUITY_L (beyond Nifty 500)
PPL,Prakash Pipes Limited,Micro Cap,Others / Diversified,INE050001010,14-JUN-2019,EQUITY_L (beyond Nifty 500)
PRABHA,Prabha Energy Limited,Micro Cap,Others / Diversified,INE0I0M01023,19-MAR-2025,EQUITY_L (beyond Nifty 500)
PRADPME,Pradeep Metals Limited,Micro Cap,Metals & Mining,INE770A01010,20-APR-2026,EQUITY_L (beyond Nifty 500)
PRAENG,Prajay Engineers Syndicate Limited,Micro Cap,Capital Goods & Engineering,INE505C01016,02-JAN-2007,EQUITY_L (beyond Nifty 500)
PRAJIND,Praj Industries Limited,Micro Cap,Capital Goods,INE074A01025,11-OCT-1995,Nifty Microcap 250
PRAKASH,Prakash Industries Limited,Micro Cap,Others / Diversified,INE603A01013,10-MAY-1995,EQUITY_L (beyond Nifty 500)
PRAKASHSTL,Prakash Steelage Limited,Micro Cap,Metals & Mining,INE696K01024,25-AUG-2010,EQUITY_L (beyond Nifty 500)
PRAVEG,Praveg Limited,Micro Cap,Others / Diversified,INE722B01019,20-APR-2026,EQUITY_L (beyond Nifty 500)
PRAXIS,Praxis Home Retail Limited,Micro Cap,Retail & Consumer Services,INE546Y01022,31-JAN-2018,EQUITY_L (beyond Nifty 500)
PRECAM,Precision Camshafts Limited,Micro Cap,Others / Diversified,INE484I01029,08-FEB-2016,EQUITY_L (beyond Nifty 500)
PRECOT,Precot Limited,Micro Cap,Others / Diversified,INE283A01014,19-AUG-2005,EQUITY_L (beyond Nifty 500)
PRECWIRE,Precision Wires India Limited,Micro Cap,Others / Diversified,INE372C01037,06-SEP-1995,EQUITY_L (beyond Nifty 500)
PREMCO,Premco Global Limited,Micro Cap,Others / Diversified,INE001E01012,20-APR-2026,EQUITY_L (beyond Nifty 500)
PREMEXPLN,Premier Explosives Limited,Micro Cap,Others / Diversified,INE863B01029,17-JUN-2016,EQUITY_L (beyond Nifty 500)
PREMIER,Premier Limited,Micro Cap,Others / Diversified,INE342A01018,03-APR-1996,EQUITY_L (beyond Nifty 500)
PREMIERPOL,Premier Polyfilm Limited,Micro Cap,Media & Entertainment,INE309M01020,13-DEC-1995,EQUITY_L (beyond Nifty 500)
PRICOLLTD,Pricol Limited,Micro Cap,Automobile and Auto Components,INE726V01018,10-FEB-2017,Nifty Microcap 250
PRIMESECU,Prime Securities Limited,Micro Cap,Financial Services,INE032B01021,17-JUN-2005,EQUITY_L (beyond Nifty 500)
PRIMO,Primo Chemicals Limited,Micro Cap,Chemicals,INE607A01022,22-APR-2025,EQUITY_L (beyond Nifty 500)
PRINCEPIPE,Prince Pipes And Fittings Limited,Micro Cap,Metals & Mining,INE689W01016,30-DEC-2019,EQUITY_L (beyond Nifty 500)
PRITI,Priti International Limited,Micro Cap,Others / Diversified,INE974Z01015,02-MAR-2022,EQUITY_L (beyond Nifty 500)
PRITIKAUTO,Pritika Auto Industries Limited,Micro Cap,Automobile & Auto Components,INE583R01029,10-AUG-2021,EQUITY_L (beyond Nifty 500)
PRIVISCL,Privi Speciality Chemicals Limited,Micro Cap,Chemicals,INE959A01019,08-MAY-2015,Nifty Microcap 250
PROSTARM,Prostarm Info Systems Limited,Micro Cap,Information Technology,INE0BX301013,03-JUN-2025,EQUITY_L (beyond Nifty 500)
PROTEAN,Protean eGov Technologies Limited,Micro Cap,Information Technology,INE004A01022,06-FEB-2025,EQUITY_L (beyond Nifty 500)
PROZONER,Prozone Realty Limited,Micro Cap,Real Estate,INE195N01013,12-SEP-2012,EQUITY_L (beyond Nifty 500)
PRSMJOHNSN,Prism Johnson Limited,Micro Cap,Construction Materials,INE010A01011,20-AUG-2003,Nifty Microcap 250
PRUDENT,Prudent Corporate Advisory Services Limited,Micro Cap,Financial Services,INE00F201020,20-MAY-2022,Nifty Microcap 250
PRUDMOULI,Prudential Sugar Corporation Limited,Micro Cap,FMCG & Consumer Goods,INE024D01016,10-MAY-1995,EQUITY_L (beyond Nifty 500)
PSB,Punjab & Sind Bank,Micro Cap,Financial Services,INE608A01012,30-DEC-2010,EQUITY_L (beyond Nifty 500)
PSPPROJECT,PSP Projects Limited,Micro Cap,Construction & Infrastructure,INE488V01015,29-MAY-2017,EQUITY_L (beyond Nifty 500)
PTC,PTC India Limited,Micro Cap,Power,INE877F01012,07-APR-2004,Nifty Microcap 250
PTL,PTL Enterprises Limited,Micro Cap,Information Technology,INE034D01049,29-JAN-2007,EQUITY_L (beyond Nifty 500)
PUNJABCHEM,Punjab Chemicals & Crop Protection Limited,Micro Cap,Chemicals,INE277B01014,08-MAR-2007,EQUITY_L (beyond Nifty 500)
PURVA,Puravankara Limited,Micro Cap,Realty,INE323I01011,30-AUG-2007,Nifty Microcap 250
PVP,PVP Ventures Limited,Micro Cap,Financial Services,INE362A01016,03-APR-1996,EQUITY_L (beyond Nifty 500)
PVSL,Popular Vehicles and Services Limited,Micro Cap,Automobile & Auto Components,INE772T01024,19-MAR-2024,EQUITY_L (beyond Nifty 500)
PYRAMID,Pyramid Technoplast Limited,Micro Cap,Information Technology,INE0MIS01010,29-AUG-2023,EQUITY_L (beyond Nifty 500)
QPOWER,Quality Power Electrical Equipments Limited,Micro Cap,Capital Goods,INE0SII01026,24-FEB-2025,Nifty Microcap 250
QUADFUTURE,Quadrant Future Tek Limited,Micro Cap,Others / Diversified,INE0LRY01011,14-JAN-2025,EQUITY_L (beyond Nifty 500)
QUESS,Quess Corp Limited,Micro Cap,Services,INE615P01015,12-JUL-2016,Nifty Microcap 250
QUICKHEAL,Quick Heal Technologies Limited,Micro Cap,Information Technology,INE306L01010,18-FEB-2016,EQUITY_L (beyond Nifty 500)
QUINT,Quint Digital Limited,Micro Cap,Information Technology,INE641R01017,20-APR-2026,EQUITY_L (beyond Nifty 500)
RACE,Race Eco Chain Limited,Micro Cap,Others / Diversified,INE084Q01012,09-MAY-2023,EQUITY_L (beyond Nifty 500)
RACLGEAR,RACL Geartech Limited,Micro Cap,Information Technology,INE704B01017,27-NOV-2024,EQUITY_L (beyond Nifty 500)
RADAAN,Radaan Mediaworks India Limited,Micro Cap,Media & Entertainment,INE874F01027,27-FEB-2003,EQUITY_L (beyond Nifty 500)
RADHIKAJWE,Radhika Jeweltech Limited,Micro Cap,Information Technology,INE583V01021,18-JUL-2022,EQUITY_L (beyond Nifty 500)
RADIANTCMS,Radiant Cash Management Services Limited,Micro Cap,Others / Diversified,INE855R01021,04-JAN-2023,EQUITY_L (beyond Nifty 500)
RADIOCITY,Music Broadcast Limited,Micro Cap,Construction & Infrastructure,INE919I01024,17-MAR-2017,EQUITY_L (beyond Nifty 500)
RAIN,Rain Industries Limited,Micro Cap,Chemicals,INE855B01025,03-MAR-2008,Nifty Microcap 250
RAJESHEXPO,Rajesh Exports Limited,Micro Cap,Logistics & Transportation,INE343B01030,09-FEB-2000,EQUITY_L (beyond Nifty 500)
RAJMET,Rajnandini Metal Limited,Micro Cap,Metals & Mining,INE00KV01022,16-FEB-2021,EQUITY_L (beyond Nifty 500)
RAJOOENG,Rajoo Engineers Limited,Micro Cap,Capital Goods & Engineering,INE535F01024,29-MAY-2025,EQUITY_L (beyond Nifty 500)
RAJPALAYAM,Rajapalayam Mills Limited,Micro Cap,Others / Diversified,INE296E01026,20-APR-2026,EQUITY_L (beyond Nifty 500)
RAJRATAN,Rajratan Global Wire Limited,Micro Cap,Others / Diversified,INE451D01029,22-MAY-2020,EQUITY_L (beyond Nifty 500)
RAJRILTD,Raj Rayon Industries Limited,Micro Cap,Others / Diversified,INE533D01032,16-MAR-2022,EQUITY_L (beyond Nifty 500)
RAJSREESUG,Rajshree Sugars & Chemicals Limited,Micro Cap,Chemicals,INE562B01019,29-MAR-1995,EQUITY_L (beyond Nifty 500)
RAJTV,Raj Television Network Limited,Micro Cap,Information Technology,INE952H01027,16-MAR-2007,EQUITY_L (beyond Nifty 500)
RALLIS,Rallis India Limited,Micro Cap,Chemicals,INE613A01020,01-APR-1999,Nifty Microcap 250
RAMANEWS,Shree Rama Newsprint Limited,Micro Cap,Media & Entertainment,INE278B01020,20-SEP-2006,EQUITY_L (beyond Nifty 500)
RAMAPHO,Rama Phosphates Limited,Micro Cap,Others / Diversified,INE809A01032,05-AUG-2022,EQUITY_L (beyond Nifty 500)
RAMASTEEL,Rama Steel Tubes Limited,Micro Cap,Metals & Mining,INE230R01035,19-AUG-2015,EQUITY_L (beyond Nifty 500)
RAMCOIND,Ramco Industries Limited,Micro Cap,Others / Diversified,INE614A01028,06-NOV-1996,EQUITY_L (beyond Nifty 500)
RAMCOSYS,Ramco Systems Limited,Micro Cap,Information Technology,INE246B01019,12-APR-2000,EQUITY_L (beyond Nifty 500)
RAMKY,Ramky Infrastructure Limited,Micro Cap,Construction & Infrastructure,INE874I01013,08-OCT-2010,EQUITY_L (beyond Nifty 500)
RAMRAT,Ram Ratna Wires Limited,Micro Cap,Others / Diversified,INE207E01023,29-JUL-2022,EQUITY_L (beyond Nifty 500)
RANASUG,Rana Sugars Limited,Micro Cap,FMCG & Consumer Goods,INE625B01014,24-FEB-2005,EQUITY_L (beyond Nifty 500)
RANEHOLDIN,Rane Holdings Limited,Micro Cap,Others / Diversified,INE384A01010,24-SEP-1997,EQUITY_L (beyond Nifty 500)
RATEGAIN,Rategain Travel Technologies Limited,Micro Cap,Information Technology,INE0CLI01024,17-DEC-2021,Nifty Microcap 250
RATNAMANI,Ratnamani Metals & Tubes Limited,Micro Cap,Capital Goods,INE703B01027,09-MAY-2006,Nifty Microcap 250
RATNAVEER,Ratnaveer Precision Engineering Limited,Micro Cap,Capital Goods & Engineering,INE05CZ01011,11-SEP-2023,EQUITY_L (beyond Nifty 500)
RAYMOND,Raymond Limited,Micro Cap,Others / Diversified,INE301A01014,18-OCT-1995,EQUITY_L (beyond Nifty 500)
RAYMONDLSL,Raymond Lifestyle Limited,Micro Cap,Textiles,INE02ID01020,05-SEP-2024,Nifty Microcap 250
RAYMONDREL,Raymond Realty Limited,Micro Cap,Real Estate,INE1SY401010,01-JUL-2025,EQUITY_L (beyond Nifty 500)
RBA,Restaurant Brands Asia Limited,Micro Cap,Consumer Services,INE07T201019,14-DEC-2020,Nifty Microcap 250
RBZJEWEL,RBZ Jewellers Limited,Micro Cap,Others / Diversified,INE0PEQ01016,27-DEC-2023,EQUITY_L (beyond Nifty 500)
RCF,Rashtriya Chemicals and Fertilizers Limited,Micro Cap,Chemicals,INE027A01015,07-JAN-1998,Nifty Microcap 250
RCOM,Reliance Communications Limited,Micro Cap,Others / Diversified,INE330H01018,06-MAR-2006,EQUITY_L (beyond Nifty 500)
REDTAPE,Redtape Limited,Micro Cap,Consumer Durables,INE0LXT01019,11-AUG-2023,Nifty Microcap 250
REFEX,Refex Industries Limited,Micro Cap,Utilities,INE056I01025,03-DEC-2009,Nifty Microcap 250
REGAAL,Regaal Resources Limited,Micro Cap,Others / Diversified,INE0MHO01029,20-AUG-2025,EQUITY_L (beyond Nifty 500)
REGENCERAM,Regency Ceramics Limited,Micro Cap,"Glass, Ceramics & Tiles",INE277C01012,05-JUN-1996,EQUITY_L (beyond Nifty 500)
RELAXO,Relaxo Footwears Limited,Micro Cap,Consumer Durables,INE131B01039,17-JUN-2011,Nifty Microcap 250
RELCHEMQ,Reliance Chemotex Industries Limited,Micro Cap,Others / Diversified,INE750D01016,25-MAY-2022,EQUITY_L (beyond Nifty 500)
RELIABLE,Reliable Data Services Limited,Micro Cap,Information Technology,INE375Y01018,10-JUL-2024,EQUITY_L (beyond Nifty 500)
RELIGARE,Religare Enterprises Limited,Micro Cap,Financial Services,INE621H01010,21-NOV-2007,Nifty Microcap 250
RELTD,Ravindra Energy Limited,Micro Cap,Others / Diversified,INE206N01018,30-JUL-2024,EQUITY_L (beyond Nifty 500)
REMSONSIND,Remsons Industries Limited,Micro Cap,Others / Diversified,INE474C01023,31-JAN-1996,EQUITY_L (beyond Nifty 500)
RENUKA,Shree Renuka Sugars Limited,Micro Cap,Fast Moving Consumer Goods,INE087H01022,31-OCT-2005,Nifty Microcap 250
REPCOHOME,Repco Home Finance Limited,Micro Cap,Financial Services,INE612J01015,01-APR-2013,EQUITY_L (beyond Nifty 500)
REPL,Rudrabhishek Enterprises Limited,Micro Cap,Information Technology,INE364Z01019,14-DEC-2020,EQUITY_L (beyond Nifty 500)
REPRO,Repro India Limited,Micro Cap,Others / Diversified,INE461B01014,22-DEC-2005,EQUITY_L (beyond Nifty 500)
RESPONIND,Responsive Industries Limited,Micro Cap,Others / Diversified,INE688D01026,29-OCT-2010,EQUITY_L (beyond Nifty 500)
RETAIL,JHS Svendgaard Retail Ventures Limited,Micro Cap,Financial Services,INE03DD01011,26-JUN-2024,EQUITY_L (beyond Nifty 500)
RGL,Renaissance Global Limited,Micro Cap,Others / Diversified,INE722H01024,12-DEC-2007,EQUITY_L (beyond Nifty 500)
RHETAN,Rhetan TMT Limited,Micro Cap,Others / Diversified,INE0KKN01029,26-SEP-2025,EQUITY_L (beyond Nifty 500)
RHFL,Reliance Home Finance Limited,Micro Cap,Financial Services,INE217K01011,22-SEP-2017,EQUITY_L (beyond Nifty 500)
RHL,Robust Hotels Limited,Micro Cap,Retail & Consumer Services,INE508K01013,25-APR-2023,EQUITY_L (beyond Nifty 500)
RICOAUTO,Rico Auto Industries Limited,Micro Cap,Automobile & Auto Components,INE209B01025,12-MAY-2003,EQUITY_L (beyond Nifty 500)
RIIL,Reliance Industrial Infrastructure Limited,Micro Cap,Construction & Infrastructure,INE046A01015,29-NOV-1995,EQUITY_L (beyond Nifty 500)
RISHABH,Rishabh Instruments Limited,Micro Cap,Others / Diversified,INE0N2P01017,11-SEP-2023,EQUITY_L (beyond Nifty 500)
RITCO,Ritco Logistics Limited,Micro Cap,Logistics & Transportation,INE01EG01016,12-APR-2022,EQUITY_L (beyond Nifty 500)
RKDL,Ravi Kumar Distilleries Limited,Micro Cap,FMCG & Consumer Goods,INE722J01012,27-DEC-2010,EQUITY_L (beyond Nifty 500)
RKEC,RKEC Projects Limited,Micro Cap,Construction & Infrastructure,INE786W01010,18-DEC-2020,EQUITY_L (beyond Nifty 500)
RKSWAMY,R K Swamy Limited,Micro Cap,Others / Diversified,INE0NQ801033,12-MAR-2024,EQUITY_L (beyond Nifty 500)
RMC,RMC Switchgears Limited,Micro Cap,Automobile & Auto Components,INE655V01019,01-APR-2026,EQUITY_L (beyond Nifty 500)
RMDRIP,R M Drip and Sprinklers Systems Limited,Micro Cap,Information Technology,INE219Y01026,30-JUL-2025,EQUITY_L (beyond Nifty 500)
RML,Rane (Madras) Limited,Micro Cap,Others / Diversified,INE050H01012,30-AUG-2005,EQUITY_L (beyond Nifty 500)
RNBDENIMS,R&B Denims Limited,Micro Cap,Textiles & Apparel,INE012Q01039,04-SEP-2025,EQUITY_L (beyond Nifty 500)
ROHLTD,Royal Orchid Hotels Limited,Micro Cap,Retail & Consumer Services,INE283H01019,06-FEB-2006,EQUITY_L (beyond Nifty 500)
ROLEXRINGS,Rolex Rings Limited,Micro Cap,Others / Diversified,INE645S01024,09-AUG-2021,EQUITY_L (beyond Nifty 500)
ROLLT,Rollatainers Limited,Micro Cap,Others / Diversified,INE927A01040,22-NOV-2016,EQUITY_L (beyond Nifty 500)
ROML,Raj Oil Mills Limited,Micro Cap,Oil Gas & Energy,INE294G01026,06-OCT-2020,EQUITY_L (beyond Nifty 500)
ROSSARI,Rossari Biotech Limited,Micro Cap,Information Technology,INE02A801020,23-JUL-2020,EQUITY_L (beyond Nifty 500)
ROSSELLIND,Rossell India Limited,Micro Cap,Others / Diversified,INE847C01020,25-SEP-2012,EQUITY_L (beyond Nifty 500)
ROSSTECH,Rossell Techsys Limited,Micro Cap,Information Technology,INE0OJW01016,09-DEC-2024,EQUITY_L (beyond Nifty 500)
ROTO,Roto Pumps Limited,Micro Cap,Capital Goods & Engineering,INE535D01037,21-APR-2022,EQUITY_L (beyond Nifty 500)
ROUTE,ROUTE MOBILE LIMITED,Micro Cap,Telecommunication,INE450U01017,21-SEP-2020,Nifty Microcap 250
RPEL,Raghav Productivity Enhancers Limited,Micro Cap,Others / Diversified,INE912T01018,08-AUG-2024,EQUITY_L (beyond Nifty 500)
RPGLIFE,RPG Life Sciences Limited,Micro Cap,Healthcare & Pharma,INE105J01010,10-JUN-2008,EQUITY_L (beyond Nifty 500)
RPPINFRA,R.P.P. Infra Projects Limited,Micro Cap,Construction & Infrastructure,INE324L01013,06-DEC-2010,EQUITY_L (beyond Nifty 500)
RPPL,Rajshree Polypack Limited,Micro Cap,Others / Diversified,INE760W01023,26-NOV-2021,EQUITY_L (beyond Nifty 500)
RPSGVENT,RPSG VENTURES LIMITED,Micro Cap,Financial Services,INE425Y01011,25-JAN-2019,EQUITY_L (beyond Nifty 500)
RPTECH,Rashi Peripherals Limited,Micro Cap,Others / Diversified,INE0J1F01024,14-FEB-2024,EQUITY_L (beyond Nifty 500)
RRIL,RRIL Limited,Micro Cap,Others / Diversified,INE951M01037,20-APR-2026,EQUITY_L (beyond Nifty 500)
RSDFIN,RSD Finance Limited,Micro Cap,Financial Services,INE616F01022,20-APR-2026,EQUITY_L (beyond Nifty 500)
RSL,Rajputana Stainless Limited,Micro Cap,Metals & Mining,INE313L01016,19-MAR-2026,EQUITY_L (beyond Nifty 500)
RSSOFTWARE,R. S. Software (India) Limited,Micro Cap,Information Technology,INE165B01029,19-MAY-1999,EQUITY_L (beyond Nifty 500)
RSWM,RSWM Limited,Micro Cap,Others / Diversified,INE611A01016,15-FEB-1995,EQUITY_L (beyond Nifty 500)
RSYSTEMS,R Systems International Limited,Micro Cap,Information Technology,INE411H01032,26-APR-2006,EQUITY_L (beyond Nifty 500)
RTNINDIA,RattanIndia Enterprises Limited,Micro Cap,Consumer Services,INE834M01019,30-JUL-2012,Nifty Microcap 250
RTNPOWER,RattanIndia Power Limited,Micro Cap,Power,INE399K01017,30-OCT-2009,Nifty Microcap 250
RUBFILA,Rubfila International Limited,Micro Cap,Others / Diversified,INE642C01025,08-AUG-2024,EQUITY_L (beyond Nifty 500)
RUBICON,Rubicon Research Limited,Micro Cap,Healthcare,INE506V01022,16-OCT-2025,Nifty Microcap 250
RUBYMILLS,The Ruby Mills Limited,Micro Cap,Others / Diversified,INE301D01026,29-MAR-1995,EQUITY_L (beyond Nifty 500)
RUCHINFRA,Ruchi Infrastructure Limited,Micro Cap,Construction & Infrastructure,INE413B01023,16-OCT-1996,EQUITY_L (beyond Nifty 500)
RUCHIRA,Ruchira Papers Limited,Micro Cap,Paper & Packaging,INE803H01014,20-DEC-2006,EQUITY_L (beyond Nifty 500)
RUDRA,Rudra Global Infra Products Limited,Micro Cap,Construction & Infrastructure,INE027T01023,19-DEC-2025,EQUITY_L (beyond Nifty 500)
RUPA,Rupa & Company Limited,Micro Cap,Others / Diversified,INE895B01021,07-DEC-2011,EQUITY_L (beyond Nifty 500)
RUSHIL,Rushil Decor Limited,Micro Cap,Others / Diversified,INE573K01025,07-JUL-2011,EQUITY_L (beyond Nifty 500)
RUSTOMJEE,Keystone Realtors Limited,Micro Cap,Others / Diversified,INE263M01029,24-NOV-2022,EQUITY_L (beyond Nifty 500)
RVHL,Ravinder Heights Limited,Micro Cap,Others / Diversified,INE09E501017,18-DEC-2020,EQUITY_L (beyond Nifty 500)
RVTH,Revathi Equipment India Limited,Micro Cap,Capital Goods & Engineering,INE0DAB01012,11-SEP-2024,EQUITY_L (beyond Nifty 500)
S&SPOWER,S&S Power Switchgears Limited,Micro Cap,Automobile & Auto Components,INE902B01017,27-SEP-1995,EQUITY_L (beyond Nifty 500)
SAATVIKGL,Saatvik Green Energy Limited,Micro Cap,Capital Goods,INE13B501022,26-SEP-2025,Nifty Microcap 250
SABEVENTS,Sab Events & Governance Now Media Limited,Micro Cap,Media & Entertainment,INE860T01019,15-SEP-2016,EQUITY_L (beyond Nifty 500)
SADBHAV,Sadbhav Engineering Limited,Micro Cap,Capital Goods & Engineering,INE226H01026,01-MAR-2006,EQUITY_L (beyond Nifty 500)
SADBHIN,Sadbhav Infrastructure Project Limited,Micro Cap,Construction & Infrastructure,INE764L01010,16-SEP-2015,EQUITY_L (beyond Nifty 500)
SADHNANIQ,Sadhana Nitrochem Limited,Micro Cap,Others / Diversified,INE888C01040,05-MAY-2023,EQUITY_L (beyond Nifty 500)
SAFARI,Safari Industries (India) Limited,Micro Cap,Consumer Durables,INE429E01023,12-SEP-2019,Nifty Microcap 250
SAGARDEEP,Sagardeep Alloys Limited,Micro Cap,Metals & Mining,INE976T01013,25-JAN-2019,EQUITY_L (beyond Nifty 500)
SAGCEM,Sagar Cements Limited,Micro Cap,Others / Diversified,INE229C01021,29-JAN-2007,EQUITY_L (beyond Nifty 500)
SAHLIBHFI,Shalibhadra Finance Limited,Micro Cap,Financial Services,INE861D01011,10-APR-2026,EQUITY_L (beyond Nifty 500)
SAHYADRI,Sahyadri Industries Limited,Micro Cap,Others / Diversified,INE280H01015,06-APR-2023,EQUITY_L (beyond Nifty 500)
SAIPARENT,Sai Parenterals Limited,Micro Cap,Others / Diversified,INE0H9F01037,02-APR-2026,EQUITY_L (beyond Nifty 500)
SAKAR,Sakar Healthcare Limited,Micro Cap,Healthcare & Pharma,INE732S01012,11-APR-2019,EQUITY_L (beyond Nifty 500)
SAKHTISUG,Sakthi Sugars Limited,Micro Cap,FMCG & Consumer Goods,INE623A01011,06-SEP-1995,EQUITY_L (beyond Nifty 500)
SAKSOFT,Saksoft Limited,Micro Cap,Others / Diversified,INE667G01023,09-MAY-2005,EQUITY_L (beyond Nifty 500)
SAKUMA,Sakuma Exports Limited,Micro Cap,Logistics & Transportation,INE190H01024,08-MAR-2006,EQUITY_L (beyond Nifty 500)
SALASAR,Salasar Techno Engineering Limited,Micro Cap,Information Technology,INE170V01027,25-JUL-2017,EQUITY_L (beyond Nifty 500)
SALONA,Salona Cotspin Limited,Micro Cap,Retail & Consumer Services,INE498E01010,16-JUN-2016,EQUITY_L (beyond Nifty 500)
SALSTEEL,S.A.L. Steel Limited,Micro Cap,Metals & Mining,INE658G01014,24-NOV-2004,EQUITY_L (beyond Nifty 500)
SALZERELEC,Salzer Electronics Limited,Micro Cap,Electronics & Components,INE457F01013,02-DEC-2015,EQUITY_L (beyond Nifty 500)
SAMBHAAV,Sambhaav Media Limited,Micro Cap,Media & Entertainment,INE699B01027,05-JUN-1996,EQUITY_L (beyond Nifty 500)
SAMBHV,Sambhv Steel Tubes Limited,Micro Cap,Metals & Mining,INE12NJ01018,02-JUL-2025,EQUITY_L (beyond Nifty 500)
SAMHI,Samhi Hotels Limited,Micro Cap,Consumer Services,INE08U801020,22-SEP-2023,Nifty Microcap 250
SAMPANN,Sampann Utpadan India Limited,Micro Cap,Others / Diversified,INE735M01018,27-JUL-2012,EQUITY_L (beyond Nifty 500)
SANATHAN,Sanathan Textiles Limited,Micro Cap,Textiles & Apparel,INE0JPD01013,27-DEC-2024,EQUITY_L (beyond Nifty 500)
SANDESH,The Sandesh Limited,Micro Cap,Others / Diversified,INE583B01015,26-NOV-2002,EQUITY_L (beyond Nifty 500)
SANDHAR,Sandhar Technologies Limited,Micro Cap,Information Technology,INE278H01035,02-APR-2018,EQUITY_L (beyond Nifty 500)
SANDUMA,Sandur Manganese & Iron Ores Limited,Micro Cap,Metals & Mining,INE149K01016,07-SEP-2023,Nifty Microcap 250
SANGAMIND,Sangam (India) Limited,Micro Cap,Others / Diversified,INE495C01010,17-JUL-1996,EQUITY_L (beyond Nifty 500)
SANGHVIMOV,Sanghvi Movers Limited,Micro Cap,Others / Diversified,INE989A01032,24-JAN-2007,EQUITY_L (beyond Nifty 500)
SANGINITA,Sanginita Chemicals Limited,Micro Cap,Chemicals,INE753W01010,15-JUL-2019,EQUITY_L (beyond Nifty 500)
SANOFI,Sanofi India Limited,Micro Cap,Others / Diversified,INE058A01010,19-MAY-2003,EQUITY_L (beyond Nifty 500)
SANOFICONR,Sanofi Consumer Healthcare India Limited,Micro Cap,Healthcare,INE0UOS01011,13-SEP-2024,Nifty Microcap 250
SANSERA,Sansera Engineering Limited,Micro Cap,Automobile and Auto Components,INE953O01021,24-SEP-2021,Nifty Microcap 250
SANSTAR,Sanstar Limited,Micro Cap,Others / Diversified,INE08NE01025,26-JUL-2024,EQUITY_L (beyond Nifty 500)
SANWARIA,Sanwaria Consumer Limited,Micro Cap,FMCG & Consumer Goods,INE890C01046,27-MAR-2006,EQUITY_L (beyond Nifty 500)
SAPPL,Shree Ajit Pulp & Paper Limited,Micro Cap,Paper & Packaging,INE185C01017,20-APR-2026,EQUITY_L (beyond Nifty 500)
SARLAPOLY,Sarla Performance Fibers Limited,Micro Cap,Others / Diversified,INE453D01025,19-JAN-2007,EQUITY_L (beyond Nifty 500)
SARVESHWAR,Sarveshwar Foods Limited,Micro Cap,FMCG & Consumer Goods,INE324X01026,08-DEC-2022,EQUITY_L (beyond Nifty 500)
SASKEN,Sasken Technologies Limited,Micro Cap,Information Technology,INE231F01020,09-SEP-2005,EQUITY_L (beyond Nifty 500)
SATIA,Satia Industries Limited,Micro Cap,Others / Diversified,INE170E01023,17-JUL-2019,EQUITY_L (beyond Nifty 500)
SATIN,Satin Creditcare Network Limited,Micro Cap,Financial Services,INE836B01017,26-AUG-2015,EQUITY_L (beyond Nifty 500)
SAURASHCEM,Saurashtra Cement Limited,Micro Cap,Others / Diversified,INE626A01014,27-FEB-2024,EQUITY_L (beyond Nifty 500)
SAYAJIHOTL,Sayaji Hotels Limited,Micro Cap,Retail & Consumer Services,INE318C01014,20-APR-2026,EQUITY_L (beyond Nifty 500)
SBC,SBC Exports Limited,Micro Cap,Logistics & Transportation,INE04AK01028,23-NOV-2021,EQUITY_L (beyond Nifty 500)
SBCL,Shivalik Bimetal Controls Limited,Micro Cap,Metals & Mining,INE386D01027,24-JUN-2021,EQUITY_L (beyond Nifty 500)
SBGLP,Suratwwala Business Group Limited,Micro Cap,Others / Diversified,INE05ST01028,10-FEB-2023,EQUITY_L (beyond Nifty 500)
SCANSTL,Scan Steels Limited,Micro Cap,Metals & Mining,INE099G01011,20-APR-2026,EQUITY_L (beyond Nifty 500)
SCHAND,S Chand And Company Limited,Micro Cap,Others / Diversified,INE807K01035,09-MAY-2017,EQUITY_L (beyond Nifty 500)
SCILAL,Shipping Corporation of India Land and Assets Limited,Micro Cap,Logistics & Transportation,INE0PB301013,19-MAR-2024,EQUITY_L (beyond Nifty 500)
SCODATUBES,Scoda Tubes Limited,Micro Cap,Others / Diversified,INE090501011,04-JUN-2025,EQUITY_L (beyond Nifty 500)
SCPL,Sheetal Cool Products Limited,Micro Cap,Others / Diversified,INE501Y01019,22-NOV-2022,EQUITY_L (beyond Nifty 500)
SDBL,Som Distilleries & Breweries Limited,Micro Cap,FMCG & Consumer Goods,INE480C01038,18-MAR-2014,EQUITY_L (beyond Nifty 500)
SEAMECLTD,Seamec Limited,Micro Cap,Others / Diversified,INE497B01018,28-JUN-1995,EQUITY_L (beyond Nifty 500)
SECMARK,SecMark Consultancy Limited,Micro Cap,Others / Diversified,INE0BTM01013,16-OCT-2023,EQUITY_L (beyond Nifty 500)
SECURKLOUD,SECUREKLOUD TECHNOLOGIES LIMITED,Micro Cap,Information Technology,INE650K01021,29-JAN-2014,EQUITY_L (beyond Nifty 500)
SEDEMAC,SEDEMAC Mechatronics Limited,Micro Cap,Others / Diversified,INE00XB01019,11-MAR-2026,EQUITY_L (beyond Nifty 500)
SEIL,Shanti Educational Initiatives Limited,Micro Cap,Education,INE440T01028,20-APR-2026,EQUITY_L (beyond Nifty 500)
SEJALLTD,Sejal Glass Limited,Micro Cap,"Glass, Ceramics & Tiles",INE955I01044,13-DEC-2021,EQUITY_L (beyond Nifty 500)
SELMC,SEL Manufacturing Company Limited,Micro Cap,Others / Diversified,INE105I01020,26-OCT-2021,EQUITY_L (beyond Nifty 500)
SEMAC,Semac Construction Limited,Micro Cap,Construction & Infrastructure,INE617A01013,11-AUG-2005,EQUITY_L (beyond Nifty 500)
SENCO,Senco Gold Limited,Micro Cap,Consumer Durables,INE602W01027,14-JUL-2023,Nifty Microcap 250
SENORES,Senores Pharmaceuticals Limited,Micro Cap,Healthcare & Pharma,INE0RB801010,30-DEC-2024,EQUITY_L (beyond Nifty 500)
SEPC,SEPC Limited,Micro Cap,Others / Diversified,INE964H01014,20-FEB-2008,EQUITY_L (beyond Nifty 500)
SERVOTECH,Servotech Renewable Power System Limited,Micro Cap,Information Technology,INE782X01033,02-SEP-2021,EQUITY_L (beyond Nifty 500)
SESHAPAPER,Seshasayee Paper and Boards Limited,Micro Cap,Paper & Packaging,INE630A01024,29-MAR-1995,EQUITY_L (beyond Nifty 500)
SETCO,Setco Automotive Limited,Micro Cap,Automobile & Auto Components,INE878E01021,01-JUL-2016,EQUITY_L (beyond Nifty 500)
SETL,Standard Engineering Technology Limited,Micro Cap,Information Technology,INE0M4D01010,13-JAN-2025,EQUITY_L (beyond Nifty 500)
SETUINFRA,Setubandhan Infrastructure Limited,Micro Cap,Construction & Infrastructure,INE023M01027,04-OCT-2011,EQUITY_L (beyond Nifty 500)
SEYAIND,Seya Industries Limited,Micro Cap,Others / Diversified,INE573R01012,11-JUL-2019,EQUITY_L (beyond Nifty 500)
SFL,Sheela Foam Limited,Micro Cap,Consumer Durables,INE916U01025,09-DEC-2016,Nifty Microcap 250
SGFIN,SG Finserve Limited,Micro Cap,Others / Diversified,INE618R01015,05-AUG-2025,EQUITY_L (beyond Nifty 500)
SGIL,Synergy Green Industries Limited,Micro Cap,Others / Diversified,INE00QT01015,28-JUL-2021,EQUITY_L (beyond Nifty 500)
SGL,STL Global Limited,Micro Cap,Others / Diversified,INE353H01010,10-APR-2006,EQUITY_L (beyond Nifty 500)
SGMART,SG Mart Limited,Micro Cap,Others / Diversified,INE385F01024,12-SEP-2025,EQUITY_L (beyond Nifty 500)
SHADOWFAX,Shadowfax Technologies Limited,Micro Cap,Information Technology,INE12UN01015,28-JAN-2026,EQUITY_L (beyond Nifty 500)
SHAH,Shah Metacorp Limited,Micro Cap,Others / Diversified,INE482J01021,27-OCT-2010,EQUITY_L (beyond Nifty 500)
SHAH-RE1,Shah Metacorp Ltd-RE,Micro Cap,Others / Diversified,INE482J20021,11-JUN-2026,EQUITY_L (beyond Nifty 500)
SHAHALLOYS,Shah Alloys Limited,Micro Cap,Metals & Mining,INE640C01011,16-JUN-2005,EQUITY_L (beyond Nifty 500)
SHAILY,Shaily Engineering Plastics Limited,Micro Cap,Consumer Durables,INE151G01028,04-APR-2022,Nifty Microcap 250
SHAKTIPUMP,Shakti Pumps (India) Limited,Micro Cap,Capital Goods,INE908D01010,29-JAN-2015,Nifty Microcap 250
SHALBY,Shalby Limited,Micro Cap,Others / Diversified,INE597J01018,15-DEC-2017,EQUITY_L (beyond Nifty 500)
SHALPAINTS,Shalimar Paints Limited,Micro Cap,Chemicals,INE849C01026,03-MAR-2008,EQUITY_L (beyond Nifty 500)
SHANKARA,Shankara Building Products Limited,Micro Cap,Construction & Infrastructure,INE274V01019,05-APR-2017,EQUITY_L (beyond Nifty 500)
SHANTI,Shanti Overseas (India) Limited,Micro Cap,Others / Diversified,INE933X01016,16-SEP-2021,EQUITY_L (beyond Nifty 500)
SHANTIGEAR,Shanthi Gears Limited,Micro Cap,Automobile & Auto Components,INE631A01022,17-JAN-1996,EQUITY_L (beyond Nifty 500)
SHANTIGOLD,Shanti Gold International Limited,Micro Cap,Metals & Mining,INE06ZD01017,01-AUG-2025,EQUITY_L (beyond Nifty 500)
SHARDACROP,Sharda Cropchem Limited,Micro Cap,Chemicals,INE221J01015,23-SEP-2014,Nifty Microcap 250
SHARDAMOTR,Sharda Motor Industries Limited,Micro Cap,Automobile & Auto Components,INE597I01028,03-SEP-2015,EQUITY_L (beyond Nifty 500)
SHARDUL,Shardul Securities Limited,Micro Cap,Financial Services,INE037B01020,20-APR-2026,EQUITY_L (beyond Nifty 500)
SHAREINDIA,Share India Securities Limited,Micro Cap,Financial Services,INE932X01026,21-SEP-2020,Nifty Microcap 250
SHBAJRG,Shri Bajrang Alliance Limited,Micro Cap,Others / Diversified,INE402H01015,20-APR-2026,EQUITY_L (beyond Nifty 500)
SHEKHAWATI,Shekhawati Industries Limited,Micro Cap,Others / Diversified,INE268L01046,12-JAN-2011,EQUITY_L (beyond Nifty 500)
SHEMAROO,Shemaroo Entertainment Limited,Micro Cap,Media & Entertainment,INE363M01019,01-OCT-2014,EQUITY_L (beyond Nifty 500)
SHILCTECH,Shilchar Technologies Limited,Micro Cap,Information Technology,INE024F01011,24-NOV-2025,EQUITY_L (beyond Nifty 500)
SHILPAMED,Shilpa Medicare Limited,Micro Cap,Healthcare,INE790G01031,03-DEC-2009,Nifty Microcap 250
SHINDL,Sharat Industries Limited,Micro Cap,Others / Diversified,INE220Z01013,20-APR-2026,EQUITY_L (beyond Nifty 500)
SHIVALIK,Shivalik Rasayan Limited,Micro Cap,Others / Diversified,INE788J01021,09-DEC-2021,EQUITY_L (beyond Nifty 500)
SHIVAMAUTO,Shivam Autotech Limited,Micro Cap,Information Technology,INE637H01024,21-NOV-2006,EQUITY_L (beyond Nifty 500)
SHIVAMILLS,Shiva Mills Limited,Micro Cap,Others / Diversified,INE644Y01017,26-FEB-2018,EQUITY_L (beyond Nifty 500)
SHIVATEX,Shiva Texyarn Limited,Micro Cap,Textiles & Apparel,INE705C01020,26-DEC-2017,EQUITY_L (beyond Nifty 500)
SHIVAUM,Shiv Aum Steels Limited,Micro Cap,Metals & Mining,INE719F01016,14-NOV-2025,EQUITY_L (beyond Nifty 500)
SHK,S H Kelkar and Company Limited,Micro Cap,Others / Diversified,INE500L01026,16-NOV-2015,EQUITY_L (beyond Nifty 500)
SHOPERSTOP,Shoppers Stop Limited,Micro Cap,Others / Diversified,INE498B01024,23-MAY-2005,EQUITY_L (beyond Nifty 500)
SHRADHA,Shradha Realty Limited,Micro Cap,Real Estate,INE715Y01031,22-OCT-2020,EQUITY_L (beyond Nifty 500)
SHREDIGCEM,Shree Digvijay Cement Co.Ltd,Micro Cap,Others / Diversified,INE232A01011,28-JAN-2020,EQUITY_L (beyond Nifty 500)
SHREEJISPG,Shreeji Shipping Global Limited,Micro Cap,Logistics & Transportation,INE1B6101010,26-AUG-2025,EQUITY_L (beyond Nifty 500)
SHREEPUSHK,Shree Pushkar Chemicals & Fertilisers Limited,Micro Cap,Chemicals,INE712K01011,10-SEP-2015,EQUITY_L (beyond Nifty 500)
SHREERAMA,Shree Rama Multi-Tech Limited,Micro Cap,Information Technology,INE879A01019,13-MAR-2000,EQUITY_L (beyond Nifty 500)
SHRENIK,Shrenik Limited,Micro Cap,Others / Diversified,INE632X01030,02-AUG-2019,EQUITY_L (beyond Nifty 500)
SHREYANIND,Shreyans Industries Limited,Micro Cap,Others / Diversified,INE231C01019,06-NOV-1996,EQUITY_L (beyond Nifty 500)
SHRIKRISH,Shri Krishna Devcon Limited,Micro Cap,Others / Diversified,INE997I01012,20-APR-2026,EQUITY_L (beyond Nifty 500)
SHRINGARMS,Shringar House of Mangalsutra Limited,Micro Cap,Others / Diversified,INE1B3L01017,17-SEP-2025,EQUITY_L (beyond Nifty 500)
SHRIPISTON,Shriram Pistons & Rings Limited,Micro Cap,Automobile and Auto Components,INE526E01018,02-JUN-2016,Nifty Microcap 250
SHRIRAMPPS,Shriram Properties Limited,Micro Cap,Real Estate,INE217L01019,20-DEC-2021,EQUITY_L (beyond Nifty 500)
SHYAMCENT,Shyam Century Ferrous Limited,Micro Cap,Others / Diversified,INE979R01011,28-JUL-2015,EQUITY_L (beyond Nifty 500)
SHYAMTEL,Shyam Telecom Limited,Micro Cap,Telecommunications,INE635A01023,06-NOV-2006,EQUITY_L (beyond Nifty 500)
SICAGEN,Sicagen India Limited,Micro Cap,Others / Diversified,INE176J01011,20-APR-2026,EQUITY_L (beyond Nifty 500)
SICALLOG,Sical Logistics Limited,Micro Cap,Logistics & Transportation,INE075B01020,12-OCT-2023,EQUITY_L (beyond Nifty 500)
SIGACHI,Sigachi Industries Limited,Micro Cap,Others / Diversified,INE0D0K01022,15-NOV-2021,EQUITY_L (beyond Nifty 500)
SIGIND,Signet Industries Limited,Micro Cap,Others / Diversified,INE529F01035,29-AUG-2018,EQUITY_L (beyond Nifty 500)
SIGMA,Sigma Solve Limited,Micro Cap,Others / Diversified,INE0A0S01028,09-JUN-2023,EQUITY_L (beyond Nifty 500)
SIGMAADV,SIGMA ADVANCED SYSTEMS LIMITED,Micro Cap,Information Technology,INE933B01012,19-JUL-2007,EQUITY_L (beyond Nifty 500)
SIGNPOST,Signpost India Limited,Micro Cap,Others / Diversified,INE0KGZ01021,14-FEB-2024,EQUITY_L (beyond Nifty 500)
SIKA,Sika Interplant Systems Limited,Micro Cap,Information Technology,INE438E01032,20-APR-2026,EQUITY_L (beyond Nifty 500)
SIKKO,Sikko Industries Limited,Micro Cap,Others / Diversified,INE112X01025,22-OCT-2021,EQUITY_L (beyond Nifty 500)
SIL,Standard Industries Limited,Micro Cap,Others / Diversified,INE173A01025,27-JAN-2004,EQUITY_L (beyond Nifty 500)
SILGO,Silgo Retail Limited,Micro Cap,Retail & Consumer Services,INE01II01013,03-MAR-2021,EQUITY_L (beyond Nifty 500)
SILINV,SIL Investments Limited,Micro Cap,Financial Services,INE923A01015,22-MAY-1996,EQUITY_L (beyond Nifty 500)
SILLYMONKS,Silly Monks Entertainment Limited,Micro Cap,Media & Entertainment,INE203Y01012,08-JUL-2020,EQUITY_L (beyond Nifty 500)
SILVERTUC,Silver Touch Technologies Limited,Micro Cap,Information Technology,INE625X01026,12-MAY-2022,EQUITY_L (beyond Nifty 500)
SIMBHALS,Simbhaoli Sugars Limited,Micro Cap,FMCG & Consumer Goods,INE748T01016,14-MAR-2016,EQUITY_L (beyond Nifty 500)
SIMPLEXINF,Simplex Infrastructures Limited,Micro Cap,Construction & Infrastructure,INE059B01024,09-MAR-2004,EQUITY_L (beyond Nifty 500)
SINCLAIR,Sinclairs Hotels Limited,Micro Cap,Retail & Consumer Services,INE985A01022,10-APR-2024,EQUITY_L (beyond Nifty 500)
SINDHUTRAD,Sindhu Trade Links Limited,Micro Cap,Others / Diversified,INE325D01025,20-JUN-2023,EQUITY_L (beyond Nifty 500)
SINGERIND,Singer India Limited,Micro Cap,Others / Diversified,INE638A01035,19-MAR-2026,EQUITY_L (beyond Nifty 500)
SINTERCOM,Sintercom India Limited,Micro Cap,Others / Diversified,INE129Z01016,07-OCT-2020,EQUITY_L (beyond Nifty 500)
SIRCA,Sirca Paints India Limited,Micro Cap,Chemicals,INE792Z01011,22-JUL-2019,EQUITY_L (beyond Nifty 500)
SIS,SIS LIMITED,Micro Cap,Others / Diversified,INE285J01028,10-AUG-2017,EQUITY_L (beyond Nifty 500)
SITINET,Siti Networks Limited,Micro Cap,Information Technology,INE965H01011,10-JAN-2007,EQUITY_L (beyond Nifty 500)
SIYSIL,Siyaram Silk Mills Limited,Micro Cap,Textiles & Apparel,INE076B01028,29-JAN-2007,EQUITY_L (beyond Nifty 500)
SJS,S.J.S. Enterprises Limited,Micro Cap,Information Technology,INE284S01014,15-NOV-2021,EQUITY_L (beyond Nifty 500)
SKFINDIA,SKF India Limited,Micro Cap,Automobile and Auto Components,INE640A01023,27-JAN-1999,Nifty Microcap 250
SKFINDUS,SKF India (Industrial) Limited,Micro Cap,Capital Goods,INE2J8701016,05-DEC-2025,Nifty Microcap 250
SKIPPER,Skipper Limited,Micro Cap,Capital Goods,INE439E01022,27-MAY-2015,Nifty Microcap 250
SKMEGGPROD,SKM Egg Products Export (India) Limited,Micro Cap,Logistics & Transportation,INE411D01023,14-MAR-1997,EQUITY_L (beyond Nifty 500)
SKYGOLD,SKY GOLD AND DIAMONDS LIMITED,Micro Cap,Consumer Durables,INE01IU01018,06-JAN-2023,Nifty Microcap 250
SMARTLINK,Smartlink Holdings Limited,Micro Cap,Others / Diversified,INE178C01020,11-APR-2001,EQUITY_L (beyond Nifty 500)
SMARTWORKS,Smartworks Coworking Spaces Limited,Micro Cap,Services,INE0NAZ01010,17-JUL-2025,Nifty Microcap 250
SMCGLOBAL,SMC Global Securities Limited,Micro Cap,Financial Services,INE103C01036,24-FEB-2021,EQUITY_L (beyond Nifty 500)
SMLMAH,SML Mahindra Limited,Micro Cap,Capital Goods,INE294B01019,29-AUG-2003,Nifty Microcap 250
SMLT,Sarthak Metals Limited,Micro Cap,Metals & Mining,INE017W01010,25-NOV-2021,EQUITY_L (beyond Nifty 500)
SMSPHARMA,SMS Pharmaceuticals Limited,Micro Cap,Healthcare & Pharma,INE812G01025,28-FEB-2007,EQUITY_L (beyond Nifty 500)
SNOWMAN,Snowman Logistics Limited,Micro Cap,Logistics & Transportation,INE734N01019,12-SEP-2014,EQUITY_L (beyond Nifty 500)
SOFTTECH,Softtech Engineers Limited,Micro Cap,Information Technology,INE728Z01015,25-FEB-2022,EQUITY_L (beyond Nifty 500)
SOLARA,Solara Active Pharma Sciences Limited,Micro Cap,Healthcare & Pharma,INE624Z01016,27-JUN-2018,EQUITY_L (beyond Nifty 500)
SOLARWORLD,Solarworld Energy Solutions Limited,Micro Cap,Power & Renewables,INE0TY101024,30-SEP-2025,EQUITY_L (beyond Nifty 500)
SOLEX,Solex Energy Limited,Micro Cap,Others / Diversified,INE880Y01017,08-OCT-2025,EQUITY_L (beyond Nifty 500)
SOMANYCERA,Somany Ceramics Limited,Micro Cap,"Glass, Ceramics & Tiles",INE355A01028,22-NOV-1995,EQUITY_L (beyond Nifty 500)
SOMATEX,Soma Textiles & Industries Limited,Micro Cap,Textiles & Apparel,INE314C01013,14-AUG-1996,EQUITY_L (beyond Nifty 500)
SOMICONVEY,Somi Conveyor Beltings Limited,Micro Cap,Metals & Mining,INE323J01019,18-JUL-2016,EQUITY_L (beyond Nifty 500)
SONAL,Sonal Mercantile Limited,Micro Cap,"Glass, Ceramics & Tiles",INE321M01017,20-APR-2026,EQUITY_L (beyond Nifty 500)
SONAMLTD,SONAM LIMITED,Micro Cap,Others / Diversified,INE00LM01029,07-APR-2022,EQUITY_L (beyond Nifty 500)
SOTL,Savita Oil Technologies Limited,Micro Cap,Information Technology,INE035D01020,28-JUN-1995,EQUITY_L (beyond Nifty 500)
SOUTHBANK,The South Indian Bank Limited,Micro Cap,Financial Services,INE683A01023,08-DEC-1998,Nifty Microcap 250
SOUTHWEST,South West Pinnacle Exploration Limited,Micro Cap,Others / Diversified,INE980Y01015,18-APR-2019,EQUITY_L (beyond Nifty 500)
SPAL,S. P. Apparels Limited,Micro Cap,Textiles & Apparel,INE212I01016,12-AUG-2016,EQUITY_L (beyond Nifty 500)
SPANDANA,Spandana Sphoorty Financial Limited,Micro Cap,Financial Services,INE572J01011,19-AUG-2019,EQUITY_L (beyond Nifty 500)
SPARC,Sun Pharma Advanced Research Company Limited,Micro Cap,Healthcare,INE232I01014,18-JUL-2007,Nifty Microcap 250
SPCENET,Spacenet Enterprises India Limited,Micro Cap,Information Technology,INE970N01027,10-JAN-2017,EQUITY_L (beyond Nifty 500)
SPECIALITY,Speciality Restaurants Limited,Micro Cap,Retail & Consumer Services,INE247M01014,30-MAY-2012,EQUITY_L (beyond Nifty 500)
SPECTRUM,Spectrum Electrical Industries Limited,Micro Cap,Capital Goods & Engineering,INE01EO01010,28-MAR-2025,EQUITY_L (beyond Nifty 500)
SPENCERS,Spencer's Retail Limited,Micro Cap,Retail & Consumer Services,INE020801028,25-JAN-2019,EQUITY_L (beyond Nifty 500)
SPIC,Southern Petrochemicals Industries Corporation  Limited,Micro Cap,Chemicals,INE147A01011,10-JAN-1996,EQUITY_L (beyond Nifty 500)
SPLIL,SPL Industries Limited,Micro Cap,Others / Diversified,INE978G01016,26-JUL-2005,EQUITY_L (beyond Nifty 500)
SPMLINFRA,SPML Infra Limited,Micro Cap,Construction & Infrastructure,INE937A01023,14-FEB-1996,EQUITY_L (beyond Nifty 500)
SPORTKING,Sportking India Limited,Micro Cap,Logistics & Transportation,INE885H01029,24-AUG-2022,EQUITY_L (beyond Nifty 500)
SRD,Shankar Lal Rampal Dye-Chem Limited,Micro Cap,Chemicals,INE01NE01012,09-OCT-2024,EQUITY_L (beyond Nifty 500)
SREEL,Sreeleathers Limited,Micro Cap,Others / Diversified,INE099F01013,01-JAN-2014,EQUITY_L (beyond Nifty 500)
SRGHFL,SRG Housing Finance Limited,Micro Cap,Financial Services,INE559N01010,21-AUG-2023,EQUITY_L (beyond Nifty 500)
SRHHYPOLTD,Sree Rayalaseema Hi-Strength Hypo Limited,Micro Cap,Others / Diversified,INE917H01012,08-MAY-2007,EQUITY_L (beyond Nifty 500)
SRM,SRM Contractors Limited,Micro Cap,Automobile & Auto Components,INE0R6Z01013,03-APR-2024,EQUITY_L (beyond Nifty 500)
SRTL,Shree Ram Twistex Limited,Micro Cap,Others / Diversified,INE19GK01015,02-MAR-2026,EQUITY_L (beyond Nifty 500)
SSDL,Saraswati Saree Depot Limited,Micro Cap,Others / Diversified,INE0PQ101010,20-AUG-2024,EQUITY_L (beyond Nifty 500)
SSWL,Steel Strips Wheels Limited,Micro Cap,Automobile & Auto Components,INE802C01033,06-JUN-2005,EQUITY_L (beyond Nifty 500)
STALLION,Stallion India Fluorochemicals Limited,Micro Cap,Chemicals,INE0RYC01010,23-JAN-2025,EQUITY_L (beyond Nifty 500)
STANLEY,Stanley Lifestyles Limited,Micro Cap,Others / Diversified,INE01A001028,28-JUN-2024,EQUITY_L (beyond Nifty 500)
STAR,Strides Pharma Science Limited,Micro Cap,Healthcare,INE939A01011,02-FEB-2000,Nifty Microcap 250
STARCEMENT,Star Cement Limited,Micro Cap,Construction Materials,INE460H01021,16-JUN-2017,Nifty Microcap 250
STARPAPER,Star Paper Mills Limited,Micro Cap,Paper & Packaging,INE733A01018,13-SEP-1995,EQUITY_L (beyond Nifty 500)
STARTECK,Starteck Finance Limited,Micro Cap,Financial Services,INE992I01013,04-MAY-2022,EQUITY_L (beyond Nifty 500)
STCINDIA,The State Trading Corporation of India Limited,Micro Cap,Others / Diversified,INE655A01013,01-APR-2003,EQUITY_L (beyond Nifty 500)
STEELCAS,Steelcast Limited,Micro Cap,Metals & Mining,INE124E01038,23-NOV-2021,EQUITY_L (beyond Nifty 500)
STEELCITY,Steel City Securities Limited,Micro Cap,Financial Services,INE395H01011,27-JUN-2019,EQUITY_L (beyond Nifty 500)
STEELXIND,STEEL EXCHANGE INDIA LIMITED,Micro Cap,Metals & Mining,INE503B01021,20-JUL-2017,EQUITY_L (beyond Nifty 500)
STEL,Stel Holdings Limited,Micro Cap,Others / Diversified,INE577L01016,09-FEB-2011,EQUITY_L (beyond Nifty 500)
STERTOOLS,Sterling Tools Limited,Micro Cap,Capital Goods & Engineering,INE334A01023,02-FEB-2006,EQUITY_L (beyond Nifty 500)
STLNETWORK,STL Networks Limited,Micro Cap,Information Technology,INE1VXE01018,04-SEP-2025,EQUITY_L (beyond Nifty 500)
STLTECH,Sterlite Technologies Limited,Micro Cap,Telecommunication,INE089C01029,08-DEC-2000,Nifty Microcap 250
STOVEKRAFT,Stove Kraft Limited,Micro Cap,Others / Diversified,INE00IN01015,05-FEB-2021,EQUITY_L (beyond Nifty 500)
STUDDS,Studds Accessories Limited,Micro Cap,Others / Diversified,INE00Q601028,07-NOV-2025,EQUITY_L (beyond Nifty 500)
STYL,Seshaasai Technologies Limited,Micro Cap,Financial Services,INE04VU01023,30-SEP-2025,Nifty Microcap 250
STYLAMIND,Stylam Industries Limited,Micro Cap,Others / Diversified,INE239C01020,02-AUG-2021,EQUITY_L (beyond Nifty 500)
STYLEBAAZA,Baazar Style Retail Limited,Micro Cap,Retail & Consumer Services,INE01FR01028,06-SEP-2024,EQUITY_L (beyond Nifty 500)
STYRENIX,Styrenix Performance Materials Limited,Micro Cap,Chemicals,INE189B01011,29-MAR-1995,Nifty Microcap 250
SUBEXLTD,Subex Limited,Micro Cap,Others / Diversified,INE754A01055,05-NOV-2020,EQUITY_L (beyond Nifty 500)
SUBROS,Subros Limited,Micro Cap,Capital Goods,INE287B01021,13-JUL-2005,Nifty Microcap 250
SUDARCOLOR,Sudarshan Colorants India Limited,Micro Cap,Others / Diversified,INE492A01029,14-JUN-1995,EQUITY_L (beyond Nifty 500)
SUDARSCHEM,Sudarshan Chemical Industries Limited,Micro Cap,Chemicals,INE659A01023,25-MAY-1995,Nifty Microcap 250
SUDEEPPHRM,Sudeep Pharma Limited,Micro Cap,Chemicals,INE0QPI01025,28-NOV-2025,Nifty Microcap 250
SUKHJITS,Sukhjit Starch & Chemicals Limited,Micro Cap,Chemicals,INE450E01029,07-NOV-2022,EQUITY_L (beyond Nifty 500)
SULA,Sula Vineyards Limited,Micro Cap,Others / Diversified,INE142Q01026,22-DEC-2022,EQUITY_L (beyond Nifty 500)
SUMEETINDS,Sumeet Industries Limited,Micro Cap,Others / Diversified,INE235C01036,10-DEC-2010,EQUITY_L (beyond Nifty 500)
SUMIT,Sumit Woods Limited,Micro Cap,Others / Diversified,INE748Z01013,30-JUL-2019,EQUITY_L (beyond Nifty 500)
SUMMITSEC,Summit Securities Limited,Micro Cap,Financial Services,INE519C01017,28-JAN-2011,EQUITY_L (beyond Nifty 500)
SUNCLAY,Sundaram Clayton Limited,Micro Cap,Others / Diversified,INE0Q3R01026,29-DEC-2023,EQUITY_L (beyond Nifty 500)
SUNDARAM,Sundaram Multi Pap Limited,Micro Cap,Others / Diversified,INE108E01023,02-JUN-2010,EQUITY_L (beyond Nifty 500)
SUNDRMBRAK,Sundaram Brake Linings Limited,Micro Cap,Automobile & Auto Components,INE073D01013,17-JUL-1996,EQUITY_L (beyond Nifty 500)
SUNDRMFAST,Sundram Fasteners Limited,Micro Cap,Others / Diversified,INE387A01021,07-JUN-2000,EQUITY_L (beyond Nifty 500)
SUNDROP,Sundrop Brands Limited,Micro Cap,Others / Diversified,INE209A01019,06-DEC-2002,EQUITY_L (beyond Nifty 500)
SUNFLAG,Sunflag Iron And Steel Company Limited,Micro Cap,Metals & Mining,INE947A01014,29-SEP-2005,EQUITY_L (beyond Nifty 500)
SUNTECK,Sunteck Realty Limited,Micro Cap,Realty,INE805D01034,13-NOV-2009,Nifty Microcap 250
SUPERHOUSE,Superhouse Limited,Micro Cap,Others / Diversified,INE712B01010,26-SEP-2014,EQUITY_L (beyond Nifty 500)
SUPERSPIN,Super Spinning Mills Limited,Micro Cap,Textiles & Apparel,INE662A01027,08-JUL-2004,EQUITY_L (beyond Nifty 500)
SUPRAJIT,Suprajit Engineering Limited,Micro Cap,Capital Goods & Engineering,INE399C01030,18-FEB-2005,EQUITY_L (beyond Nifty 500)
SUPREME,Supreme Holdings & Hospitality (India) Limited,Micro Cap,Healthcare & Pharma,INE822E01011,03-FEB-2025,EQUITY_L (beyond Nifty 500)
SUPREMEENG,Supreme Engineering Limited,Micro Cap,Capital Goods & Engineering,INE319Z01021,04-DEC-2020,EQUITY_L (beyond Nifty 500)
SUPREMEINF,Supreme Infrastructure India Limited,Micro Cap,Construction & Infrastructure,INE550H01011,18-OCT-2007,EQUITY_L (beyond Nifty 500)
SUPRIYA,Supriya Lifescience Limited,Micro Cap,Healthcare,INE07RO01027,28-DEC-2021,Nifty Microcap 250
SURAJEST,Suraj Estate Developers Limited,Micro Cap,Others / Diversified,INE843S01025,26-DEC-2023,EQUITY_L (beyond Nifty 500)
SURAJLTD,Suraj Limited,Micro Cap,Others / Diversified,INE713C01016,29-AUG-2024,EQUITY_L (beyond Nifty 500)
SURAKSHA,Suraksha Diagnostic Limited,Micro Cap,Healthcare & Pharma,INE877V01027,06-DEC-2024,EQUITY_L (beyond Nifty 500)
SURANASOL,Surana Solar Limited,Micro Cap,Power & Renewables,INE272L01022,07-JAN-2011,EQUITY_L (beyond Nifty 500)
SURANAT&P,Surana Telecom and Power Limited,Micro Cap,Power & Renewables,INE130B01031,22-MAY-2002,EQUITY_L (beyond Nifty 500)
SURYALA,Suryalata Spinning Mills Limited,Micro Cap,Textiles & Apparel,INE132C01027,20-APR-2026,EQUITY_L (beyond Nifty 500)
SURYALAXMI,Suryalakshmi Cotton Mills Limited,Micro Cap,Textiles & Apparel,INE713B01026,15-JUN-2005,EQUITY_L (beyond Nifty 500)
SURYAROSNI,Surya Roshni Limited,Micro Cap,Capital Goods,INE335A01020,10-MAY-1995,Nifty Microcap 250
SURYODAY,Suryoday Small Finance Bank Limited,Micro Cap,Financial Services - Banks,INE428Q01011,26-MAR-2021,EQUITY_L (beyond Nifty 500)
SUTLEJTEX,Sutlej Textiles and Industries Limited,Micro Cap,Textiles & Apparel,INE645H01027,14-DEC-2006,EQUITY_L (beyond Nifty 500)
SUVEN,Suven Life Sciences Limited,Micro Cap,Healthcare & Pharma,INE495B01038,23-OCT-2003,EQUITY_L (beyond Nifty 500)
SUVIDHAA,Suvidhaa Infoserve Limited,Micro Cap,Information Technology,INE018401013,31-MAR-2021,EQUITY_L (beyond Nifty 500)
SUYOG,Suyog Telematics Limited,Micro Cap,Others / Diversified,INE442P01014,20-AUG-2024,EQUITY_L (beyond Nifty 500)
SVLL,Shree Vasu Logistics Limited,Micro Cap,Logistics & Transportation,INE00CE01017,21-APR-2023,EQUITY_L (beyond Nifty 500)
SVPGLOB,SVP GLOBAL TEXTILES LIMITED,Micro Cap,Textiles & Apparel,INE308E01029,14-JUL-2021,EQUITY_L (beyond Nifty 500)
SWANDEF,Swan Defence and Heavy Industries Limited,Micro Cap,Capital Goods & Engineering,INE542F01020,20-JAN-2025,EQUITY_L (beyond Nifty 500)
SWARAJENG,Swaraj Engines Limited,Micro Cap,Others / Diversified,INE277A01016,06-DEC-1995,EQUITY_L (beyond Nifty 500)
SWELECTES,Swelect Energy Systems Limited,Micro Cap,Information Technology,INE409B01013,09-MAY-2006,EQUITY_L (beyond Nifty 500)
SWSOLAR,Sterling and Wilson Renewable Energy Limited,Micro Cap,Construction,INE00M201021,20-AUG-2019,Nifty Microcap 250
SYMPHONY,Symphony Limited,Micro Cap,Others / Diversified,INE225D01027,15-JUN-2011,EQUITY_L (beyond Nifty 500)
SYNCOMF,Syncom Formulations (India) Limited,Micro Cap,Others / Diversified,INE312C01025,18-NOV-2022,EQUITY_L (beyond Nifty 500)
SYSTMTXC,Systematix Corporate Services Limited,Micro Cap,Information Technology,INE356B01024,06-OCT-2025,EQUITY_L (beyond Nifty 500)
TAALTECH,Taal Tech Limited,Micro Cap,Information Technology,INE524T01011,20-APR-2026,EQUITY_L (beyond Nifty 500)
TAINWALCHM,Tainwala Chemical and Plastic (I) Limited,Micro Cap,Chemicals,INE123C01018,27-JUL-1995,EQUITY_L (beyond Nifty 500)
TAJGVK,Taj GVK Hotels & Resorts Limited,Micro Cap,Retail & Consumer Services,INE586B01026,20-DEC-2000,EQUITY_L (beyond Nifty 500)
TAKE,Take Solutions Limited,Micro Cap,Others / Diversified,INE142I01023,27-AUG-2007,EQUITY_L (beyond Nifty 500)
TALBROAUTO,Talbros Automotive Components Limited,Micro Cap,Automobile & Auto Components,INE187D01029,29-SEP-2006,EQUITY_L (beyond Nifty 500)
TAMBOLIIN,Tamboli Industries Limited,Micro Cap,Others / Diversified,INE864J01012,20-APR-2026,EQUITY_L (beyond Nifty 500)
TANLA,Tanla Platforms Limited,Micro Cap,Information Technology,INE483C01032,05-JAN-2007,Nifty Microcap 250
TARACHAND,Tara Chand InfraLogistic Solutions Limited,Micro Cap,Construction & Infrastructure,INE555Z01020,16-APR-2024,EQUITY_L (beyond Nifty 500)
TARAPUR,Tarapur Transformers Limited,Micro Cap,Capital Goods & Engineering,INE747K01017,18-MAY-2010,EQUITY_L (beyond Nifty 500)
TARC,TARC Limited,Micro Cap,Realty,INE0EK901012,18-DEC-2020,Nifty Microcap 250
TARMAT,Tarmat Limited,Micro Cap,Others / Diversified,INE924H01018,09-JUL-2007,EQUITY_L (beyond Nifty 500)
TARSONS,Tarsons Products Limited,Micro Cap,Others / Diversified,INE144Z01023,26-NOV-2021,EQUITY_L (beyond Nifty 500)
TASTYBITE,Tasty Bite Eatables Limited,Micro Cap,Others / Diversified,INE488B01017,23-MAR-2017,EQUITY_L (beyond Nifty 500)
TATVA,Tatva Chintan Pharma Chem Limited,Micro Cap,Healthcare & Pharma,INE0GK401011,29-JUL-2021,EQUITY_L (beyond Nifty 500)
TBZ,Tribhovandas Bhimji Zaveri Limited,Micro Cap,Others / Diversified,INE760L01018,09-MAY-2012,EQUITY_L (beyond Nifty 500)
TCC,TCC Concept Limited,Micro Cap,Others / Diversified,INE887D01016,25-FEB-2026,EQUITY_L (beyond Nifty 500)
TCI,Transport Corporation of India Limited,Micro Cap,Logistics & Transportation,INE688A01022,21-JAN-2002,EQUITY_L (beyond Nifty 500)
TCIEXP,TCI Express Limited,Micro Cap,Capital Goods & Engineering,INE586V01016,15-DEC-2016,EQUITY_L (beyond Nifty 500)
TCIFINANCE,TCI Finance Limited,Micro Cap,Financial Services,INE911B01018,21-MAY-1997,EQUITY_L (beyond Nifty 500)
TCPLPACK,TCPL Packaging Limited,Micro Cap,Paper & Packaging,INE822C01015,17-OCT-2017,EQUITY_L (beyond Nifty 500)
TDPOWERSYS,TD Power Systems Limited,Micro Cap,Capital Goods,INE419M01027,08-SEP-2011,Nifty Microcap 250
TEAMGTY,Team India Guaranty Limited,Micro Cap,FMCG & Consumer Goods,INE289C01025,11-JUN-2002,EQUITY_L (beyond Nifty 500)
TEAMLEASE,Teamlease Services Limited,Micro Cap,FMCG & Consumer Goods,INE985S01024,12-FEB-2016,EQUITY_L (beyond Nifty 500)
TECHNVISN,TechNVision Ventures Limited,Micro Cap,Financial Services,INE314H01012,20-APR-2026,EQUITY_L (beyond Nifty 500)
TECILCHEM,TECIL Chemicals and Hydro Power Limited,Micro Cap,Chemicals,INE014B01011,06-DEC-1995,EQUITY_L (beyond Nifty 500)
TEMBO,Tembo Global Industries Limited,Micro Cap,Others / Diversified,INE869Y01010,23-APR-2021,EQUITY_L (beyond Nifty 500)
TERASOFT,Tera Software Limited,Micro Cap,Information Technology,INE482B01010,29-DEC-2016,EQUITY_L (beyond Nifty 500)
TEXINFRA,Texmaco Infrastructure & Holdings Limited,Micro Cap,Construction & Infrastructure,INE435C01024,09-SEP-2004,EQUITY_L (beyond Nifty 500)
TEXMOPIPES,Texmo Pipes and Products Limited,Micro Cap,Others / Diversified,INE141K01013,10-MAR-2010,EQUITY_L (beyond Nifty 500)
TEXRAIL,Texmaco Rail & Engineering Limited,Micro Cap,Capital Goods,INE621L01012,03-MAR-2011,Nifty Microcap 250
TFCILTD,Tourism Finance Corporation of India Limited,Micro Cap,Financial Services,INE305A01023,26-JUL-2000,EQUITY_L (beyond Nifty 500)
TFL,Transwarranty Finance Limited,Micro Cap,Financial Services,INE804H01012,26-FEB-2007,EQUITY_L (beyond Nifty 500)
TGBHOTELS,TGB Banquets And Hotels Limited,Micro Cap,Retail & Consumer Services,INE797H01018,17-MAY-2007,EQUITY_L (beyond Nifty 500)
THACKER,Thacker & Company Limited,Micro Cap,Others / Diversified,INE077P01034,20-APR-2026,EQUITY_L (beyond Nifty 500)
THAKDEV,Thakkers Developers Limited,Micro Cap,Others / Diversified,INE403F01017,20-APR-2026,EQUITY_L (beyond Nifty 500)
THANGAMAYL,Thangamayil Jewellery Limited,Micro Cap,Consumer Durables,INE085J01014,19-FEB-2010,Nifty Microcap 250
THEINVEST,The Investment Trust Of India Limited,Micro Cap,Financial Services,INE924D01017,02-AUG-2017,EQUITY_L (beyond Nifty 500)
THEJO,Thejo Engineering Limited,Micro Cap,Capital Goods & Engineering,INE121N01019,10-OCT-2023,EQUITY_L (beyond Nifty 500)
THEMISMED,Themis Medicare Limited,Micro Cap,Automobile & Auto Components,INE083B01024,02-APR-2007,EQUITY_L (beyond Nifty 500)
THOMASCOOK,Thomas Cook  (India)  Limited,Micro Cap,Consumer Services,INE332A01027,07-JUN-2000,Nifty Microcap 250
THOMASCOTT,Thomas Scott (India) Limited,Micro Cap,Media & Entertainment,INE480M01011,30-JAN-2012,EQUITY_L (beyond Nifty 500)
THYROCARE,Thyrocare Technologies Limited,Micro Cap,Healthcare,INE594H01019,09-MAY-2016,Nifty Microcap 250
TI,Tilaknagar Industries Limited,Micro Cap,Fast Moving Consumer Goods,INE133E01013,16-JUL-2010,Nifty Microcap 250
TICL,Twamev Construction and Infrastructure Limited,Micro Cap,Construction & Infrastructure,INE388G01026,16-OCT-2023,EQUITY_L (beyond Nifty 500)
TIGERLOGS,Tiger Logistics (India) Limited,Micro Cap,Logistics & Transportation,INE906O01029,18-SEP-2025,EQUITY_L (beyond Nifty 500)
TIIL,Technocraft Industries (India) Limited,Micro Cap,Information Technology,INE545H01011,12-FEB-2007,EQUITY_L (beyond Nifty 500)
TIJARIA,Tijaria Polypipes Limited,Micro Cap,Others / Diversified,INE440L01017,14-OCT-2011,EQUITY_L (beyond Nifty 500)
TIL,TIL Limited,Micro Cap,Others / Diversified,INE806C01018,27-SEP-1995,EQUITY_L (beyond Nifty 500)
TIMETECHNO,Time Technoplast Limited,Micro Cap,Capital Goods,INE508G01029,13-JUN-2007,Nifty Microcap 250
TIMEX,Timex Group India Limited,Micro Cap,Others / Diversified,INE064A01026,20-APR-2026,EQUITY_L (beyond Nifty 500)
TINNARUBR,Tinna Rubber and Infrastructure Limited,Micro Cap,Chemicals,INE015C01016,17-APR-2025,EQUITY_L (beyond Nifty 500)
TIPSFILMS,Tips Films Limited,Micro Cap,Media & Entertainment,INE0LQS01015,06-OCT-2022,EQUITY_L (beyond Nifty 500)
TIPSMUSIC,Tips Music Limited,Micro Cap,Media Entertainment & Publication,INE716B01029,10-NOV-2000,Nifty Microcap 250
TIRUMALCHM,Thirumalai Chemicals Limited,Micro Cap,Chemicals,INE338A01024,14-MAY-2003,EQUITY_L (beyond Nifty 500)
TIRUPATIFL,Tirupati Forge Limited,Micro Cap,Others / Diversified,INE319Y01024,04-AUG-2020,EQUITY_L (beyond Nifty 500)
TMB,Tamilnad Mercantile Bank Limited,Micro Cap,Financial Services,INE668A01016,15-SEP-2022,Nifty Microcap 250
TNPETRO,Tamilnadu PetroProducts Limited,Micro Cap,Others / Diversified,INE148A01019,27-OCT-1999,EQUITY_L (beyond Nifty 500)
TNPL,Tamil Nadu Newsprint & Papers Limited,Micro Cap,Media & Entertainment,INE107A01015,14-FEB-1996,EQUITY_L (beyond Nifty 500)
TNTELE,Tamilnadu Telecommunication Limited,Micro Cap,Information Technology,INE141D01018,04-FEB-2003,EQUITY_L (beyond Nifty 500)
TOKYOPLAST,Tokyo Plast International Limited,Micro Cap,Others / Diversified,INE932C01012,11-OCT-1995,EQUITY_L (beyond Nifty 500)
TOLINS,Tolins Tyres Limited,Micro Cap,Automobile & Auto Components,INE0RWQ01014,16-SEP-2024,EQUITY_L (beyond Nifty 500)
TOTAL,Total Transport Systems Limited,Micro Cap,Information Technology,INE336X01012,28-AUG-2020,EQUITY_L (beyond Nifty 500)
TOUCHWOOD,Touchwood Entertainment Limited,Micro Cap,Media & Entertainment,INE486Y01013,21-JAN-2020,EQUITY_L (beyond Nifty 500)
TPHQ,Teamo Productions HQ Limited,Micro Cap,FMCG & Consumer Goods,INE065J01024,30-JAN-2009,EQUITY_L (beyond Nifty 500)
TPLPLASTEH,TPL Plastech Limited,Micro Cap,Information Technology,INE413G01022,20-MAY-2015,EQUITY_L (beyond Nifty 500)
TRACXN,Tracxn Technologies Limited,Micro Cap,Information Technology,INE0HMF01019,20-OCT-2022,EQUITY_L (beyond Nifty 500)
TRANSPEK,Transpek Industry Limited,Micro Cap,Others / Diversified,INE687A01016,20-APR-2026,EQUITY_L (beyond Nifty 500)
TRANSRAILL,Transrail Lighting Limited,Micro Cap,Capital Goods,INE454P01035,27-DEC-2024,Nifty Microcap 250
TRANSWORLD,TRANSWORLD SHIPPING LINES LIMITED,Micro Cap,Logistics & Transportation,INE757B01015,01-MAR-1995,EQUITY_L (beyond Nifty 500)
TREEHOUSE,Tree House Education & Accessories Limited,Micro Cap,Education,INE040M01013,26-AUG-2011,EQUITY_L (beyond Nifty 500)
TREJHARA,TREJHARA SOLUTIONS LIMITED,Micro Cap,Others / Diversified,INE00CA01015,28-DEC-2018,EQUITY_L (beyond Nifty 500)
TREL,Transindia Real Estate Limited,Micro Cap,Real Estate,INE0O3901029,10-AUG-2023,EQUITY_L (beyond Nifty 500)
TRF,TRF Limited,Micro Cap,Others / Diversified,INE391D01019,26-MAR-2010,EQUITY_L (beyond Nifty 500)
TRIGYN,Trigyn Technologies Limited,Micro Cap,Information Technology,INE948A01012,09-APR-1998,EQUITY_L (beyond Nifty 500)
TRIVENI,Triveni Engineering & Industries Limited,Micro Cap,Fast Moving Consumer Goods,INE256C01024,13-DEC-2005,Nifty Microcap 250
TRU,TruCap Finance Limited,Micro Cap,Financial Services,INE615R01029,20-JUN-2023,EQUITY_L (beyond Nifty 500)
TRUALT,TruAlt Bioenergy Limited,Micro Cap,Others / Diversified,INE0MWH01014,03-OCT-2025,EQUITY_L (beyond Nifty 500)
TSFINV,TSF INVESTMENTS LIMITED,Micro Cap,Financial Services,INE202Z01029,26-MAR-2018,Nifty Microcap 250
TTKHLTCARE,TTK Healthcare Limited,Micro Cap,Healthcare & Pharma,INE910C01018,02-DEC-2015,EQUITY_L (beyond Nifty 500)
TTKPRESTIG,TTK Prestige Limited,Micro Cap,Others / Diversified,INE690A01028,22-DEC-1999,EQUITY_L (beyond Nifty 500)
TTL,T T Limited,Micro Cap,Others / Diversified,INE592B01024,22-FEB-2007,EQUITY_L (beyond Nifty 500)
TVSELECT,TVS Electronics Limited,Micro Cap,Electronics & Components,INE236G01019,26-DEC-2003,EQUITY_L (beyond Nifty 500)
TVSHLTD,TVS Holdings Limited,Micro Cap,Others / Diversified,INE105A01035,23-OCT-2012,EQUITY_L (beyond Nifty 500)
TVSSCS,TVS Supply Chain Solutions Limited,Micro Cap,Services,INE395N01027,23-AUG-2023,Nifty Microcap 250
TVSSRICHAK,TVS Srichakra Limited,Micro Cap,Others / Diversified,INE421C01016,13-FEB-2007,EQUITY_L (beyond Nifty 500)
TVTODAY,TV Today Network Limited,Micro Cap,Information Technology,INE038F01029,16-JAN-2004,EQUITY_L (beyond Nifty 500)
TVVISION,TV Vision Limited,Micro Cap,Others / Diversified,INE871L01013,15-SEP-2016,EQUITY_L (beyond Nifty 500)
UCAL,UCAL LIMITED,Micro Cap,Others / Diversified,INE139B01016,13-SEP-1995,EQUITY_L (beyond Nifty 500)
UDS,Updater Services Limited,Micro Cap,Others / Diversified,INE851I01011,04-OCT-2023,EQUITY_L (beyond Nifty 500)
UEL,Ujaas Energy Limited,Micro Cap,Others / Diversified,INE899L01030,16-APR-2024,EQUITY_L (beyond Nifty 500)
UFBL,United Foodbrands Limited,Micro Cap,FMCG & Consumer Goods,INE382M01027,07-APR-2021,EQUITY_L (beyond Nifty 500)
UFLEX,UFLEX Limited,Micro Cap,Others / Diversified,INE516A01017,23-AUG-1995,EQUITY_L (beyond Nifty 500)
UFO,UFO Moviez India Limited,Micro Cap,Media & Entertainment,INE527H01019,14-MAY-2015,EQUITY_L (beyond Nifty 500)
UGARSUGAR,The Ugar Sugar Works Limited,Micro Cap,FMCG & Consumer Goods,INE071E01023,23-AUG-2010,EQUITY_L (beyond Nifty 500)
UGROCAP,Ugro Capital Limited,Micro Cap,Financial Services,INE583D01011,11-AUG-2021,EQUITY_L (beyond Nifty 500)
UJJIVANSFB,Ujjivan Small Finance Bank Limited,Micro Cap,Financial Services,INE551W01018,12-DEC-2019,Nifty Microcap 250
ULTRAMAR,Ultramarine & Pigments Limited,Micro Cap,Chemicals,INE405A01021,20-APR-2026,EQUITY_L (beyond Nifty 500)
UMAEXPORTS,Uma Exports Limited,Micro Cap,Logistics & Transportation,INE0GIU01018,07-APR-2022,EQUITY_L (beyond Nifty 500)
UMESLTD,Usha Martin Education & Solutions Limited,Micro Cap,Metals & Mining,INE240C01028,12-JUL-2010,EQUITY_L (beyond Nifty 500)
UMIYA-MRO,UMIYA BUILDCON LIMITED,Micro Cap,Construction & Infrastructure,INE398B01018,01-NOV-2000,EQUITY_L (beyond Nifty 500)
UNICHEMLAB,Unichem Laboratories Limited,Micro Cap,Healthcare & Pharma,INE351A01035,07-FEB-2001,EQUITY_L (beyond Nifty 500)
UNIDT,United Drilling Tools Limited,Micro Cap,Capital Goods & Engineering,INE961D01019,25-SEP-2020,EQUITY_L (beyond Nifty 500)
UNIECOM,Unicommerce Esolutions Limited,Micro Cap,Others / Diversified,INE00U401027,13-AUG-2024,EQUITY_L (beyond Nifty 500)
UNIENTER,Uniphos Enterprises Limited,Micro Cap,Information Technology,INE037A01022,23-JAN-2004,EQUITY_L (beyond Nifty 500)
UNIINFO,Uniinfo Telecom Services Limited,Micro Cap,Telecommunications,INE481Z01011,12-JAN-2022,EQUITY_L (beyond Nifty 500)
UNIMECH,Unimech Aerospace and Manufacturing Limited,Micro Cap,Retail & Consumer Services,INE0U3I01011,31-DEC-2024,EQUITY_L (beyond Nifty 500)
UNIPARTS,Uniparts India Limited,Micro Cap,Others / Diversified,INE244O01017,12-DEC-2022,EQUITY_L (beyond Nifty 500)
UNITECH,Unitech Limited,Micro Cap,Information Technology,INE694A01020,08-SEP-1999,EQUITY_L (beyond Nifty 500)
UNITEDPOLY,United Polyfab Gujarat Limited,Micro Cap,Others / Diversified,INE368U01029,31-DEC-2021,EQUITY_L (beyond Nifty 500)
UNITEDTEA,The United Nilgiri Tea Estates Company Limited,Micro Cap,FMCG & Consumer Goods,INE458F01011,28-JAN-2015,EQUITY_L (beyond Nifty 500)
UNIVASTU,Univastu India Limited,Micro Cap,Others / Diversified,INE562X01013,22-JUN-2020,EQUITY_L (beyond Nifty 500)
UNIVCABLES,Universal Cables Limited,Micro Cap,Capital Goods & Engineering,INE279A01012,17-MAY-1995,EQUITY_L (beyond Nifty 500)
UNIVPHOTO,Universus Photo Imagings Limited,Micro Cap,Others / Diversified,INE03V001013,14-FEB-2020,EQUITY_L (beyond Nifty 500)
URAVIDEF,Uravi Defence and Technology Limited,Micro Cap,Information Technology,INE568Z01015,05-JUL-2023,EQUITY_L (beyond Nifty 500)
URJA,Urja Global Limited,Micro Cap,Others / Diversified,INE550C01020,28-MAR-2017,EQUITY_L (beyond Nifty 500)
USK,Udayshivakumar Infra Limited,Micro Cap,Construction & Infrastructure,INE0N0Y01013,03-APR-2023,EQUITY_L (beyond Nifty 500)
UTKARSHBNK,Utkarsh Small Finance Bank Limited,Micro Cap,Financial Services - Banks,INE735W01017,21-JUL-2023,EQUITY_L (beyond Nifty 500)
UTLSOLAR,Fujiyama Power Systems Limited,Micro Cap,Capital Goods,INE12UR01024,20-NOV-2025,Nifty Microcap 250
UTTAMSUGAR,Uttam Sugar Mills Limited,Micro Cap,FMCG & Consumer Goods,INE786F01031,10-APR-2006,EQUITY_L (beyond Nifty 500)
UYFINCORP,U. Y. Fincorp Limited,Micro Cap,Others / Diversified,INE152C01025,03-OCT-2024,EQUITY_L (beyond Nifty 500)
V2RETAIL,V2 Retail Limited,Micro Cap,Consumer Services,INE945H01021,04-JUL-2007,Nifty Microcap 250
VADILALIND,Vadilal Industries Limited,Micro Cap,Others / Diversified,INE694D01016,15-JUN-2011,EQUITY_L (beyond Nifty 500)
VAIBHAVGBL,Vaibhav Global Limited,Micro Cap,Consumer Durables,INE884A01027,05-APR-2004,Nifty Microcap 250
VAISHALI,Vaishali Pharma Limited,Micro Cap,Healthcare & Pharma,INE972X01022,15-JAN-2020,EQUITY_L (beyond Nifty 500)
VAKRANGEE,Vakrangee Limited,Micro Cap,Others / Diversified,INE051B01021,03-APR-2006,EQUITY_L (beyond Nifty 500)
VALIANTLAB,Valiant Laboratories Limited,Micro Cap,Healthcare & Pharma,INE0JWS01017,06-OCT-2023,EQUITY_L (beyond Nifty 500)
VALIANTORG,Valiant Organics Limited,Micro Cap,Others / Diversified,INE565V01010,23-JUL-2021,EQUITY_L (beyond Nifty 500)
VARDHACRLC,Vardhman Acrylics Limited,Micro Cap,Others / Diversified,INE116G01013,30-SEP-2003,EQUITY_L (beyond Nifty 500)
VARDMNPOLY,Vardhman Polytex Limited,Micro Cap,Others / Diversified,INE835A01029,12-MAY-2003,EQUITY_L (beyond Nifty 500)
VARROC,Varroc Engineering Limited,Micro Cap,Automobile and Auto Components,INE665L01035,06-JUL-2018,Nifty Microcap 250
VASCONEQ,Vascon Engineers Limited,Micro Cap,Capital Goods & Engineering,INE893I01013,15-FEB-2010,EQUITY_L (beyond Nifty 500)
VASWANI,Vaswani Industries Limited,Micro Cap,Others / Diversified,INE590L01019,20-SEP-2011,EQUITY_L (beyond Nifty 500)
VCL,Vaxtex Cotfab Limited,Micro Cap,Others / Diversified,INE098201036,19-APR-2022,EQUITY_L (beyond Nifty 500)
VEEDOL,Veedol Corporation Limited,Micro Cap,Others / Diversified,INE484C01030,16-JAN-2007,EQUITY_L (beyond Nifty 500)
VELJAN,Veljan Denison Limited,Micro Cap,Others / Diversified,INE232E01013,20-APR-2026,EQUITY_L (beyond Nifty 500)
VENKEYS,Venky's (India) Limited,Micro Cap,Others / Diversified,INE398A01010,28-JUL-2003,EQUITY_L (beyond Nifty 500)
VENTIVE,Ventive Hospitality Limited,Micro Cap,Healthcare & Pharma,INE781S01027,30-DEC-2024,EQUITY_L (beyond Nifty 500)
VENUSPIPES,Venus Pipes & Tubes Limited,Micro Cap,Others / Diversified,INE0JA001018,24-MAY-2022,EQUITY_L (beyond Nifty 500)
VENUSREM,Venus Remedies Limited,Micro Cap,Others / Diversified,INE411B01019,20-DEC-2006,EQUITY_L (beyond Nifty 500)
VERANDA,Veranda Learning Solutions Limited,Micro Cap,Others / Diversified,INE0IQ001011,11-APR-2022,EQUITY_L (beyond Nifty 500)
VERTOZ,Vertoz Limited,Micro Cap,Others / Diversified,INE188Y01031,14-MAY-2020,EQUITY_L (beyond Nifty 500)
VESUVIUS,Vesuvius India Limited,Micro Cap,Others / Diversified,INE386A01023,04-OCT-2002,EQUITY_L (beyond Nifty 500)
VETO,Veto Switchgears And Cables Limited,Micro Cap,Automobile & Auto Components,INE918N01018,29-APR-2015,EQUITY_L (beyond Nifty 500)
VGL,VARVEE GLOBAL LIMITED,Micro Cap,Others / Diversified,INE273D01027,21-NOV-2006,EQUITY_L (beyond Nifty 500)
VGUARD,V-Guard Industries Limited,Micro Cap,Consumer Durables,INE951I01027,13-MAR-2008,Nifty Microcap 250
VHL,Vardhman Holdings Limited,Micro Cap,Others / Diversified,INE701A01023,30-JUN-2005,EQUITY_L (beyond Nifty 500)
VHLTD,Viceroy Hotels Limited,Micro Cap,Retail & Consumer Services,INE048C01025,03-APR-2024,EQUITY_L (beyond Nifty 500)
VIDHIING,Vidhi Specialty Food Ingredients Limited,Micro Cap,FMCG & Consumer Goods,INE632C01026,02-MAR-2016,EQUITY_L (beyond Nifty 500)
VIDYAWIRES,Vidya Wires Limited,Micro Cap,Others / Diversified,INE14UN01029,10-DEC-2025,EQUITY_L (beyond Nifty 500)
VIJIFIN,Viji Finance Limited,Micro Cap,Financial Services,INE159N01027,11-JUL-2016,EQUITY_L (beyond Nifty 500)
VIKASECO,Vikas EcoTech Limited,Micro Cap,Information Technology,INE806A01020,12-DEC-2011,EQUITY_L (beyond Nifty 500)
VIKASLIFE,Vikas Lifecare Limited,Micro Cap,Automobile & Auto Components,INE161L01027,08-MAY-2019,EQUITY_L (beyond Nifty 500)
VIKRAMSOLR,Vikram Solar Limited,Micro Cap,Capital Goods,INE078V01014,26-AUG-2025,Nifty Microcap 250
VIKRAN,Vikran Engineering Limited,Micro Cap,Capital Goods & Engineering,INE01R501028,03-SEP-2025,EQUITY_L (beyond Nifty 500)
VIMTALABS,Vimta Labs Limited,Micro Cap,Healthcare & Pharma,INE579C01029,15-DEC-2005,EQUITY_L (beyond Nifty 500)
VINATIORGA,Vinati Organics Limited,Micro Cap,Others / Diversified,INE410B01037,28-JUL-2009,EQUITY_L (beyond Nifty 500)
VINCOFE,Vintage Coffee And Beverages Limited,Micro Cap,FMCG & Consumer Goods,INE498Q01014,18-OCT-2024,EQUITY_L (beyond Nifty 500)
VINDHYATEL,Vindhya Telelinks Limited,Micro Cap,Others / Diversified,INE707A01012,08-FEB-1995,EQUITY_L (beyond Nifty 500)
VINEETLAB,Vineet Laboratories Limited,Micro Cap,Healthcare & Pharma,INE505Y01010,15-JUN-2021,EQUITY_L (beyond Nifty 500)
VINNY,Vinny Overseas Limited,Micro Cap,Others / Diversified,INE01KI01027,28-NOV-2022,EQUITY_L (beyond Nifty 500)
VINYLINDIA,Vinyl Chemicals (India) Limited,Micro Cap,Chemicals,INE250B01029,21-JUL-2008,EQUITY_L (beyond Nifty 500)
VIPCLOTHNG,VIP Clothing Limited,Micro Cap,Textiles & Apparel,INE450G01024,06-AUG-2007,EQUITY_L (beyond Nifty 500)
VIPIND,VIP Industries Limited,Micro Cap,Consumer Durables,INE054A01027,02-MAR-2005,Nifty Microcap 250
VIPULLTD,Vipul Limited,Micro Cap,Others / Diversified,INE946H01037,23-APR-2015,EQUITY_L (beyond Nifty 500)
VIRINCHI,Virinchi Limited,Micro Cap,Others / Diversified,INE539B01017,03-MAY-2023,EQUITY_L (beyond Nifty 500)
VISACHROME,VISA Chrome Limited,Micro Cap,Others / Diversified,INE286H01012,17-MAR-2006,EQUITY_L (beyond Nifty 500)
VISAKAIND,Visaka Industries Limited,Micro Cap,Others / Diversified,INE392A01021,28-AUG-1996,EQUITY_L (beyond Nifty 500)
VISHNU,Vishnu Chemicals Limited,Micro Cap,Chemicals,INE270I01022,05-MAR-2015,EQUITY_L (beyond Nifty 500)
VISHWARAJ,Vishwaraj Sugar Industries Limited,Micro Cap,FMCG & Consumer Goods,INE430N01022,15-OCT-2019,EQUITY_L (beyond Nifty 500)
VITAL,Vital Chemtech Limited,Micro Cap,Information Technology,INE0L4K01016,11-MAR-2026,EQUITY_L (beyond Nifty 500)
VIVIANA,Viviana Power Tech Limited,Micro Cap,Information Technology,INE0MEG01014,02-JUN-2026,EQUITY_L (beyond Nifty 500)
VIVIDHA,Visagar Polytex Limited,Micro Cap,Others / Diversified,INE370E01029,21-MAY-2013,EQUITY_L (beyond Nifty 500)
VIVIMEDLAB,Vivimed Labs Limited,Micro Cap,Healthcare & Pharma,INE526G01021,17-AUG-2005,EQUITY_L (beyond Nifty 500)
VIYASH,Viyash Scientific Limited,Micro Cap,Healthcare,INE807F01027,10-MAR-2016,Nifty Microcap 250
VLEGOV,VL E-Governance & IT Solutions Limited,Micro Cap,Information Technology,INE03HW01020,14-AUG-2023,EQUITY_L (beyond Nifty 500)
VLSFINANCE,VLS Finance Limited,Micro Cap,Financial Services,INE709A01018,25-MAY-1995,EQUITY_L (beyond Nifty 500)
VMART,V-Mart Retail Limited,Micro Cap,Consumer Services,INE665J01013,20-FEB-2013,Nifty Microcap 250
VMSTMT,VMS TMT Limited,Micro Cap,Others / Diversified,INE0SJA01013,24-SEP-2025,EQUITY_L (beyond Nifty 500)
VOLTAMP,Voltamp Transformers Limited,Micro Cap,Capital Goods,INE540H01012,20-SEP-2006,Nifty Microcap 250
VPRPL,Vishnu Prakash R Punglia Limited,Micro Cap,Others / Diversified,INE0AE001013,05-SEP-2023,EQUITY_L (beyond Nifty 500)
VRAJ,Vraj Iron and Steel Limited,Micro Cap,Metals & Mining,INE0S2V01010,03-JUL-2024,EQUITY_L (beyond Nifty 500)
VRLLOG,VRL Logistics Limited,Micro Cap,Logistics & Transportation,INE366I01010,30-APR-2015,EQUITY_L (beyond Nifty 500)
VSSL,Vardhman Special Steels Limited,Micro Cap,Metals & Mining,INE050M01012,17-MAY-2012,EQUITY_L (beyond Nifty 500)
VSTIND,VST Industries Limited,Micro Cap,Others / Diversified,INE710A01016,05-SEP-2003,EQUITY_L (beyond Nifty 500)
VSTL,Vibhor Steel Tubes Limited,Micro Cap,Metals & Mining,INE0QTF01015,20-FEB-2024,EQUITY_L (beyond Nifty 500)
VSTTILLERS,V.S.T Tillers Tractors Limited,Micro Cap,Automobile & Auto Components,INE764D01017,20-JUN-2011,EQUITY_L (beyond Nifty 500)
WAAREEINDO,Indosolar Limited,Micro Cap,Power & Renewables,INE866K01023,29-SEP-2010,EQUITY_L (beyond Nifty 500)
WAAREERTL,Waaree Renewable Technologies Limited,Micro Cap,Capital Goods,INE299N01021,09-APR-2025,Nifty Microcap 250
WABAG,VA Tech Wabag Limited,Micro Cap,Utilities,INE956G01038,13-OCT-2010,Nifty Microcap 250
WAKEFIT,Wakefit Innovations Limited,Micro Cap,Consumer Durables,INE0E7301029,15-DEC-2025,Nifty Microcap 250
WALCHANNAG,Walchandnagar Industries Limited,Micro Cap,Others / Diversified,INE711A01022,18-SEP-1996,EQUITY_L (beyond Nifty 500)
WANBURY,Wanbury Limited,Micro Cap,Others / Diversified,INE107F01022,29-JAN-2007,EQUITY_L (beyond Nifty 500)
WCIL,Western Carriers (India) Limited,Micro Cap,Automobile & Auto Components,INE0CJF01024,24-SEP-2024,EQUITY_L (beyond Nifty 500)
WEALTH,Wealth First Portfolio Managers Limited,Micro Cap,Financial Services,INE658T01017,20-JAN-2021,EQUITY_L (beyond Nifty 500)
WEBELSOLAR,Websol Energy System Limited,Micro Cap,Capital Goods,INE855C01023,15-MAY-2007,Nifty Microcap 250
WEIZMANIND,Weizmann Limited,Micro Cap,Others / Diversified,INE080A01014,10-MAY-1995,EQUITY_L (beyond Nifty 500)
WEL,Wonder Electricals Limited,Micro Cap,Capital Goods & Engineering,INE02WG01024,17-JAN-2022,EQUITY_L (beyond Nifty 500)
WELENT,Welspun Enterprises Limited,Micro Cap,Construction,INE625G01013,04-NOV-2004,Nifty Microcap 250
WELINV,Welspun Investments and Commercials Limited,Micro Cap,Financial Services,INE389K01018,20-SEP-2010,EQUITY_L (beyond Nifty 500)
WELSPLSOL,Welspun Specialty Solutions Limited,Micro Cap,Others / Diversified,INE731F01037,20-APR-2026,EQUITY_L (beyond Nifty 500)
WENDT,Wendt (India) Limited,Micro Cap,Others / Diversified,INE274C01019,07-AUG-2006,EQUITY_L (beyond Nifty 500)
WESTLIFE,WESTLIFE FOODWORLD LIMITED,Micro Cap,Consumer Services,INE274F01020,05-JUN-2023,Nifty Microcap 250
WEWIN,WE WIN LIMITED,Micro Cap,Others / Diversified,INE082W01014,15-JUN-2022,EQUITY_L (beyond Nifty 500)
WEWORK,WeWork India Management Limited,Micro Cap,Services,INE085001019,10-OCT-2025,Nifty Microcap 250
WHEELS,Wheels India Limited,Micro Cap,Automobile & Auto Components,INE715A01015,07-APR-2000,EQUITY_L (beyond Nifty 500)
WILLAMAGOR,Williamson Magor & Company Limited,Micro Cap,Others / Diversified,INE210A01017,08-FEB-1995,EQUITY_L (beyond Nifty 500)
WINDLAS,Windlas Biotech Limited,Micro Cap,Information Technology,INE0H5O01029,16-AUG-2021,EQUITY_L (beyond Nifty 500)
WINDMACHIN,Windsor Machines Limited,Micro Cap,Others / Diversified,INE052A01021,17-AUG-2011,EQUITY_L (beyond Nifty 500)
WINSOME,Winsome Yarns Limited,Micro Cap,Textiles & Apparel,INE784B01035,25-AUG-2011,EQUITY_L (beyond Nifty 500)
WIPL,The Western India Plywoods Limited,Micro Cap,Others / Diversified,INE215F01023,17-APR-2017,EQUITY_L (beyond Nifty 500)
WONDERLA,Wonderla Holidays Limited,Micro Cap,Others / Diversified,INE066O01014,09-MAY-2014,EQUITY_L (beyond Nifty 500)
WORTHPERI,Worth Peripherals Limited,Micro Cap,Others / Diversified,INE196Y01018,04-AUG-2020,EQUITY_L (beyond Nifty 500)
WPIL,WPIL Limited,Micro Cap,Others / Diversified,INE765D01022,20-APR-2026,EQUITY_L (beyond Nifty 500)
WSI,W S Industries (I) Limited,Micro Cap,Others / Diversified,INE100D01014,01-AUG-2007,EQUITY_L (beyond Nifty 500)
WSTCSTPAPR,West Coast Paper Mills Limited,Micro Cap,Paper & Packaging,INE976A01021,17-JAN-2001,EQUITY_L (beyond Nifty 500)
XCHANGING,Xchanging Solutions Limited,Micro Cap,Others / Diversified,INE692G01013,09-MAR-2005,EQUITY_L (beyond Nifty 500)
XELPMOC,Xelpmoc Design And Tech Limited,Micro Cap,Information Technology,INE01P501012,04-FEB-2019,EQUITY_L (beyond Nifty 500)
XPROINDIA,Xpro India Limited,Micro Cap,Others / Diversified,INE445C01015,27-APR-2004,EQUITY_L (beyond Nifty 500)
XTGLOBAL,Xtglobal Infotech Limited,Micro Cap,Information Technology,INE547B01028,16-SEP-2024,EQUITY_L (beyond Nifty 500)
YASHO,Yasho Industries Limited,Micro Cap,Others / Diversified,INE616Z01012,21-AUG-2023,EQUITY_L (beyond Nifty 500)
YATHARTH,Yatharth Hospital & Trauma Care Services Limited,Micro Cap,Healthcare,INE0JO301016,07-AUG-2023,Nifty Microcap 250
YATRA,Yatra Online Limited,Micro Cap,Others / Diversified,INE0JR601024,28-SEP-2023,EQUITY_L (beyond Nifty 500)
YUKEN,Yuken India Limited,Micro Cap,Others / Diversified,INE384C01016,02-SEP-2021,EQUITY_L (beyond Nifty 500)
ZAGGLE,Zaggle Prepaid Ocean Services Limited,Micro Cap,Information Technology,INE07K301024,22-SEP-2023,Nifty Microcap 250
ZEELEARN,Zee Learn Limited,Micro Cap,Others / Diversified,INE565L01011,20-DEC-2010,EQUITY_L (beyond Nifty 500)
ZEEMEDIA,Zee Media Corporation Limited,Micro Cap,Media & Entertainment,INE966H01019,10-JAN-2007,EQUITY_L (beyond Nifty 500)
ZENITHEXPO,Zenith Exports Limited,Micro Cap,Logistics & Transportation,INE058B01018,10-JUL-1996,EQUITY_L (beyond Nifty 500)
ZENITHSTL,Zenith Steel Pipes & Industries Limited,Micro Cap,Metals & Mining,INE318D01020,30-APR-2007,EQUITY_L (beyond Nifty 500)
ZFSTEERING,ZF Steering Gear (India) Limited,Micro Cap,Automobile & Auto Components,INE116C01012,20-APR-2026,EQUITY_L (beyond Nifty 500)
ZIMLAB,Zim Laboratories Limited,Micro Cap,Healthcare & Pharma,INE518E01015,25-NOV-2022,EQUITY_L (beyond Nifty 500)
ZODIAC,Zodiac Energy Limited,Micro Cap,Others / Diversified,INE761Y01019,14-DEC-2021,EQUITY_L (beyond Nifty 500)
ZODIACLOTH,Zodiac Clothing Company Limited,Micro Cap,Textiles & Apparel,INE206B01013,27-SEP-1995,EQUITY_L (beyond Nifty 500)
ZOTA,Zota Health Care LImited,Micro Cap,Healthcare & Pharma,INE358U01012,19-AUG-2019,EQUITY_L (beyond Nifty 500)
ZSARACOM,Saraswati Commercial India Limited,Micro Cap,Others / Diversified,INE967G01019,20-APR-2026,EQUITY_L (beyond Nifty 500)
ZUARI,Zuari Agro Chemicals Limited,Micro Cap,Chemicals,INE840M01016,27-NOV-2012,EQUITY_L (beyond Nifty 500)
ZUARIIND,ZUARI INDUSTRIES LIMITED,Micro Cap,Others / Diversified,INE217A01012,12-APR-1995,EQUITY_L (beyond Nifty 500)
ZYDUSLIFE,Zydus Lifesciences Limited,Micro Cap,Healthcare,INE010B01027,18-APR-2000,EQUITY_L (beyond Nifty 500)
